<?xml version="1.0" encoding="utf-8"?>
<feed xmlns="http://www.w3.org/2005/Atom"
    xmlns:rdf="http://www.w3.org/1999/02/22-rdf-syntax-ns#"
    xmlns:leap2="http://terms.leapspecs.org/"
    xmlns:categories="http://wiki.leapspecs.org/2A/categories/"
    xmlns:portfolio="https://eportfolio.u-pec.fr/export/leap/3582/1665958651/"
    xmlns:mahara="http://wiki.mahara.org/Developer_Area/Import%2F%2FExport/LEAP_Extensions#"
>
    <leap2:version>http://www.leapspecs.org/2010-07/2A/</leap2:version>
    <id>https://eportfolio.u-pec.fr/export/3582/1665958651</id>
    <title>Mahara Leap2A Export for Hervensson CASIMIR, 17/10/2022 00:17</title>
    <updated>2022-10-17T00:12:31+02:00</updated>
    <generator uri="https://mahara.org/" version="2008122400">Mahara</generator>
    <author>
        <name>Hervensson CASIMIR</name>
        <email>hervensson.casimir@etu.u-pec.fr</email>
        <uri>portfolio:artefactinternal</uri>
    </author>

    <entry>
        <title>Profile page</title>
        <id>portfolio:view30773</id>

        <updated>2022-10-17T00:12:39+02:00</updated>
        <published>2022-09-20T16:04:34+02:00</published>

        <summary type="xhtml"><div xmlns="http://www.w3.org/1999/xhtml"><div>Your profile page is what others see when they click on your name or profile picture.</div></div></summary>

   <subtitle type="xhtml"><div xmlns="http://www.w3.org/1999/xhtml"><div></div></div></subtitle>
        <content type="xhtml"><div xmlns="http://www.w3.org/1999/xhtml"><div><div id="user_block_134207"><div class="bt-image gridstackblock card card-secondary clearfix" id="user_blockinstance_134207">
    
        <div class="block-header d-none">
    
        <a class="commentlink" href="#" title="">
        
            
                <span class="icon icon-plus" title="Commentaires et les détails"></span>
                Ajouter un commentaire
                <span class="bh-margin-left icon icon-search-plus"></span>
                Détails
            
        
        </a>
    
</div>

    
    
    
        <h2 class="title card-header js-heading">
            

            <span class="collapse-inline">
                Bienvenue
                
            </span>

            

        </h2>
    

    <div class="block" id="user_blockinstance_134207_target">
        
        
            <div class="imageblock card-body">
    <div class="image">
        
        <a class="modal_link" href="#">
            <img rel="leap2:has_part" href="portfolio:artefact89380" alt="2.jpg" title="2.jpg" />
        </a>
        
    </div>

    
</div>

        
    </div>
</div>
</div><div id="user_block_135704"><div class="bt-profileinfo gridstackblock card card-secondary card-regular clearfix" id="user_blockinstance_135704">
    
    
    
        <h2 class="title card-header js-heading">
            

            <span class="collapse-inline">
                Contact
                
            </span>

            

        </h2>
    

    <div class="block" id="user_blockinstance_135704_target">
        
        
            
    
    <div class="card-body flush">
    
    
    
    
        <ul class="unstyled profile-info">
        
            <li><strong>Prénom:</strong> Hervensson</li>
        
            <li><strong>Nom:</strong> CASIMIR</li>
        
            <li><strong>Identifiant étudiant:</strong> u32202056</li>
        
            <li><strong>Adresse de courriel:</strong> <a href="mailto:hervensson.casimir@etu.u-pec.fr">hervensson.casimir@etu.u-pec.fr</a></li>
        
            <li><strong>Ville:</strong> Evry</li>
        
        </ul>
    
    
    
    
    </div>
    


        
    </div>
</div>
</div><div id="user_block_134216"><div class="bt-text gridstackblock card card-secondary clearfix" id="user_blockinstance_134216">
    
    
        <div class="block-header quick-edit d-none">
    <a class="modal_link list-group-heading" href="#" title="Édition rapide">
        <span class="icon icon-pencil-alt" title="Édition rapide"></span>
        Édition rapide
    </a>
</div>

    
    
        <h2 class="title card-header js-heading">
            

            <span class="collapse-inline">
                A propos de moi
                
            </span>

            

        </h2>
    

    <div class="block" id="user_blockinstance_134216_target">
        
        
            

<div class="textblock card-body flush">
<p>Je m'appelle Hervensson CASIMIR, Bienvenue sur mon e-portfolio que j'ai le plaisir de partager avec vous !</p>
<p>Je suis actuellement étudiant en première année dans la filière Bachelor réseaux et télécommunications à l'Université Paris-est Créteil (UPEC) sur le site Vitry.</p>
<p>Je suis passionné par  l'informatique surtout la cybersécurité qui est un domaine dans lequel je souhaiterai travailler après mes études.</p>
<p> </p>
<p>A travers cette page, vous pourrez me suivre dans mon aventure à apprendre de nouvelles compétences et atteindre mes objectifs !</p>
<p> </p>
<p>Bonne lecture !</p>
</div>


        
    </div>
</div>
</div><div id="user_block_135711"><div class="bt-image gridstackblock card card-secondary clearfix" id="user_blockinstance_135711">
    
        <div class="block-header d-none">
    
        <a class="commentlink" href="#" title="">
        
            
                <span class="icon icon-plus" title="Commentaires et les détails"></span>
                Ajouter un commentaire
                <span class="bh-margin-left icon icon-search-plus"></span>
                Détails
            
        
        </a>
    
</div>

    
    
    
        <h2 class="title card-header js-heading">
            

            <span class="collapse-inline">
                Emplacement
                
            </span>

            

        </h2>
    

    <div class="block" id="user_blockinstance_135711_target">
        
        
            <div class="imageblock card-body">
    <div class="image">
        
        <a class="modal_link" href="#">
            <img rel="leap2:has_part" href="portfolio:artefact89386" alt="3316939444_1_2_AkMBNfgJ.png" title="3316939444_1_2_AkMBNfgJ.png" />
        </a>
        
    </div>

    
</div>

        
    </div>
</div>
</div><div id="user_block_135004"><div class="bt-image gridstackblock card card-secondary clearfix" id="user_blockinstance_135004">
    
        <div class="block-header d-none">
    
        <a class="commentlink" href="#" title="">
        
            
                <span class="icon icon-plus" title="Commentaires et les détails"></span>
                Ajouter un commentaire
                <span class="bh-margin-left icon icon-search-plus"></span>
                Détails
            
        
        </a>
    
</div>

    
    
    
        <h2 class="title card-header js-heading">
            

            <span class="collapse-inline">
                Centre d'intérét
                
            </span>

            

        </h2>
    

    <div class="block" id="user_blockinstance_135004_target">
        
        
            <div class="imageblock card-body">
    <div class="image">
        
        <a class="modal_link" href="#">
            <img rel="leap2:has_part" href="portfolio:artefact88870" alt="hobbies.jpg" title="hobbies.jpg" />
        </a>
        
    </div>

    
</div>

        
    </div>
</div>
</div><div id="user_block_135710"><div class="bt-entireresume gridstackblock card card-secondary clearfix" id="user_blockinstance_135710">
    
    
    
        <h2 class="title card-header js-heading">
            

            <span class="collapse-inline">
                Mon cv
                
            </span>

            

        </h2>
    

    <div class="block" id="user_blockinstance_135710_target">
        
        
            
<div class="list-group">
    

    
    <div class="list-group-item flush">
        <h3 class="title">Centres d'intérêt</h3>
        
    <div class="card-body flush">
        <ul>
<li>Sport ( J'ai pratiqué pendant 4 ans du football et 2 ans du kick-boxing)</li>
<li>Nouvelles technologies</li>
</ul>
    </div>


    </div>
    

    

    
    <div class="list-group-item flush">
        <h3 class="title">Informations personnelles</h3>
        <div class="card-body flush">
    <table class="table resumepersonalinfo profile-info">
    
        
        <tr>
            <th>Date de naissance</th>
            <td>15 March 2004</td>
        </tr>
        
    
        
        <tr>
            <th>Lieu de naissance</th>
            <td>Gonesse </td>
        </tr>
        
    
        
        <tr>
            <th>Citoyenneté</th>
            <td>Française</td>
        </tr>
        
    
        
    
        
        <tr>
            <th>Sexe</th>
            <td>Homme</td>
        </tr>
        
    
        
    
    </table>
    
</div>

    </div>
    

    
        <div class="list-group-item flush">
            
            <div class="resume-content">
                <h3 class="title">Objectifs personnels</h3>
                <div class="card-body flush">
<p>L'envie d'apprendre de nouvelles choses et de les maitriser sont mes principales motivations.</p>
<p>J'ai pour objectifs de :</p>
<ul>
<li>M'initier à la sécurité informatique</li>
<li>Devenir ingénieur en cybersécurité.</li>
</ul>


</div>

            </div>
            

            
            <div class="resume-content">
                <h3 class="title">Objectifs académiques</h3>
                <div class="card-body flush">
<p>J'aimerais intégrer une école d'ingénieur dans le domaine de la cybersécurité ou bien faire un master sécurité informatique</p>


</div>

            </div>
            

            
            <div class="resume-content">
                <h3 class="title">Objectifs de carrière</h3>
                <div class="card-body flush">
<p>J'aimerai être un expert de la sécurité informatique travailler pour protéger une entreprise contre les différentes attaques extérieur.</p>


</div>

            </div>
            

        </div>
    

    
        <div class="list-group-item flush">
            
            <div class="resume-content">
                <h3 class="title">Compétences personnelles</h3>
                <div class="card-body flush">
<ul>
<li>un sens du travail en équipe ( j'ai pratiqué du football en club ce qui m'a permis d'être un personne capable d'encourager les autres.</li>
<li>persévérant ( j'ai toujours voulu le meilleur dans ce que j'entreprends).</li>
</ul>


</div>

            </div>
            

            
            <div class="resume-content">
                <h3 class="title">Compétences académiques</h3>
                <div class="card-body flush">
<p>Pendant mes années lycéennes, j'ai pu acquérir de nombreuses compétences qui me sont fortement utiles dans un cadre académique. Voici ces compétences :</p>
<ul>
<li>Maîtrise du Pack Office ( Word, PowerPoint, Excel)</li>
<li>Programmation en Python</li>
<li>Programmation Web (HTML, CSS, PHP)</li>
<li>Maîtrise des logiciels de virtualisation( Virtual Box)</li>
</ul>
<p> </p>
<p>Ces compétences me permettent d'avoir des bases solides pour les maîtriser et d'en acquérir de nouvelles durant mes années en BUT R&amp;T.</p>


</div>

            </div>
            

            
            <div class="resume-content">
                <h3 class="title">Compétences professionnelles</h3>
                <div class="card-body flush">
<p>Ayant effectuer un stage et un job étudiant dans une entreprise commerciale. J'ai pu maitriser des compétences essentielles dans le monde profesionnelle.</p>
<ul>
<li>Etre ponctuel</li>
<li>autonome</li>
<li>Relationnel client</li>
</ul>


</div>

            </div>
            
        </div>
    

    
        <div class="list-group-item flush">
            
            <div class="resume-content">
                <h3 class="title">Historique des emplois</h3>
                

<div id="user_employmenthistorylist_dea4" class="list-group list-group-lite list-group-top-border">
    
    <div class="list-group-item flush-collapsible">
        
            <h4 class="list-group-item-heading">
                <a href="#employment-content-646" class="text-left collapsed collapsible">
                    Employé de rayon  à Primark
                    <span class="icon icon-chevron-down float-right collapse-indicator"></span>
                </a>
            </h4>
        

        <span class="text-small text-muted">
            2022
            
        </span>

        <div id="user_employment-content-646" class="collapse resume-content">
            
            <p class="content-text">
                </p><ul>
<li>mise en rayon</li>
</ul>
            
            

            

            
        </div>
    </div>
    
    <div class="list-group-item flush-collapsible">
        
            <h4 class="list-group-item-heading">
                <a href="#employment-content-652" class="text-left collapsed collapsible">
                    technicien en support informatique (stage d'observation)  à ARCOM (ex: CSA) 
                    <span class="icon icon-chevron-down float-right collapse-indicator"></span>
                </a>
            </h4>
        

        <span class="text-small text-muted">
            2017
            
        </span>

        <div id="user_employment-content-652" class="collapse resume-content">
            
            <p class="content-text">
                </p><p>Lors du stage d'observation de 3ème j'ai pu installé des ordinateur pour le réseaux interne de l'entreprise.</p>
            
            

            
                <span class="text-small text-muted">
                    Adresse : Paris
                </span>
            

            
        </div>
    </div>
    
</div>


            </div>
            

            
            <div class="resume-content">
                <h3 class="title">Historique de formation</h3>
                

<div id="user_educationhistorylist_8c2d" class="list-group list-group-lite list-group-top-border">
    
    <div class="list-group-item flush-collapsible">
        
            <h3 class="list-group-item-heading">
                <a href="#education-content-956" class="text-left collapsed collapsible">
                    Baccalauréat général à Lycée Parc des Loges
                    <span class="icon icon-chevron-down float-right collapse-indicator"></span>
                </a>
            </h3>
        

        <span class="text-small text-muted">
            2022
            
        </span>

        <div id="user_education-content-956" class="collapse resume-content">
            
            <p class="content-text">
                </p><p>Spécialités : mathématiques / physique-chimie avec option : maths experte obtenue avec mention assez bien</p>
            
            

            

            
        </div>
    </div>
    
</div>


            </div>
            
        </div>
    


    

    

    
    <div class="list-group-item flush">
        <h3 class="title">Affiliations professionnelles</h3>
        <div class="resume-content">


<div id="user_membershiplist_9330" class="list-group list-group-lite list-group-top-border">
    
    <div class="list-group-item flush-collapsible">
        
            <h4 class="list-group-item-heading">
                IUT Créteil-Vitry
            </h4>
        
            <span class="text-small text-muted">
                2022
            </span>

        <div id="user_membership-content-21" class="collapse resume-content">
            

            
        </div>
    </div>
    
</div>
</div>
    </div>
    
</div>


        
    </div>
</div>
</div><div id="user_block_136294"><div class="bt-text gridstackblock card card-secondary clearfix" id="user_blockinstance_136294">
    
    
        <div class="block-header quick-edit d-none">
    <a class="modal_link list-group-heading" href="#" title="Édition rapide">
        <span class="icon icon-pencil-alt" title="Édition rapide"></span>
        Édition rapide
    </a>
</div>

    
    
        <h2 class="title card-header js-heading">
            

            <span class="collapse-inline">
                Lettre de motivation
                
            </span>

            

        </h2>
    

    <div class="block draft" id="user_blockinstance_136294_target">
        
        <span class="sr-only">Brouillon</span>
        
        
            

<div class="textblock card-body flush">
<p>Madame, Monsieur,<br />Actuellement étudiant en première année de Bachelor Universitaire et techonologie en Réseaux et Télécommunication à l'Université Paris-Est-Créteil(UPEC) sur le site de Vitry, un stage au sein de votre organisme me permettrait d'aquérir de l'expérience professionnelle dans le monde l'informatique.</p>
<p>J'ai choisis ce cursus car je voulais faire des cours de pratique et d'aquérir des compétences théoriques ce qui me permettront de les utiliser en entreprise. <br />Plus tard, je souhaiterai devenir ingénieur dans la cybersécurité.<br />Je suis très passionné par les nouvelles technologies(apprendre de nouvelle chose dans le monde informatique). Je suis aussi très passionné par le sport. Je me suis entraîné 4 ans de football ce qui m'a permis de développer l'esprit d'équipe pour travailler en groupe avec les autres. <br />Etant une personne avec beaucoup de rigueur et de remise en question, je serai capable de relever les défis que vous me proposerez.</p>
<p>En espérant vous rencontrer très bientôt, je vous prie de croire, Madame Monsieur, à l'expression de mes salutations les meilleures.</p>
<p>                                                                 Hervensson CASIMIR</p>
</div>


        
    </div>
</div>
</div><div id="user_block_135006"><div class="bt-image gridstackblock card card-secondary clearfix" id="user_blockinstance_135006">
    
        <div class="block-header d-none">
    
        <a class="commentlink" href="#" title="">
        
            
                <span class="icon icon-plus" title="Commentaires et les détails"></span>
                Ajouter un commentaire
                <span class="bh-margin-left icon icon-search-plus"></span>
                Détails
            
        
        </a>
    
</div>

    
    
    
        <h2 class="title card-header js-heading">
            

            <span class="collapse-inline">
                objectifs
                
            </span>

            

        </h2>
    

    <div class="block" id="user_blockinstance_135006_target">
        
        
            <div class="imageblock card-body">
    <div class="image">
        
        <a class="modal_link" href="#">
            <img rel="leap2:has_part" href="portfolio:artefact89383" alt="index (1).jpg" title="index (1).jpg" />
        </a>
        
    </div>

    
</div>

        
    </div>
</div>
</div><div id="user_block_135712"><div class="bt-image gridstackblock card card-secondary clearfix" id="user_blockinstance_135712">
    
        <div class="block-header d-none">
    
        <a class="commentlink" href="#" title="">
        
            
                <span class="icon icon-plus" title="Commentaires et les détails"></span>
                Ajouter un commentaire
                <span class="bh-margin-left icon icon-search-plus"></span>
                Détails
            
        
        </a>
    
</div>

    
    
    
        <h2 class="title card-header js-heading">
            

            <span class="collapse-inline">
                Image
                
            </span>

            

        </h2>
    

    <div class="block" id="user_blockinstance_135712_target">
        
        
            <div class="imageblock card-body">
    <div class="image">
        
        <a class="modal_link" href="#">
            <img rel="leap2:has_part" href="portfolio:artefact89388" alt="inadequation-competences-1200x64.jpg" title="inadequation-competences-1200x64.jpg" />
        </a>
        
    </div>

    
</div>

        
    </div>
</div>
</div><div id="user_block_136298"><div class="bt-text gridstackblock card card-secondary clearfix" id="user_blockinstance_136298">
    
    
        <div class="block-header quick-edit d-none">
    <a class="modal_link list-group-heading" href="#" title="Édition rapide">
        <span class="icon icon-pencil-alt" title="Édition rapide"></span>
        Édition rapide
    </a>
</div>

    
    
        <h2 class="title card-header js-heading">
            

            <span class="collapse-inline">
                Job Application
                
            </span>

            

        </h2>
    

    <div class="block draft" id="user_blockinstance_136298_target">
        
        <span class="sr-only">Brouillon</span>
        
        
            

<div class="textblock card-body flush">
<p>Dear Madam, Sir,<br />Currently studying in the first year of Bachelor of Science in Networks and Telecommunications at the Université Paris-Est-Créteil (UPEC) on the Vitry site, An internship with your organization would allow me to gain professional experience in the computer world.</p>
<p>I chose these studies because I wanted to do practical courses and acquire theoretical skills that will allow me to use them in company. <br />Later, I would like to become an engineer in cybersecurity.<br />I am very passionate about new technologies (learning new things in the computer world). I am also very passionate about sport. I trained 4 years of football which allowed me to develop team spirit to work in groups with others. <br />As a person with a great deal of rigour and questioning, I will be able to meet the challenges you propose.</p>
<p>Hoping to meet you very soon, I ask you to believe, Madam Sir, in my best regards.</p>
<p>                                                                 Hervensson CASIMIR</p>
</div>


        
    </div>
</div>
</div><div id="user_block_134212"><div class="bt-blogpost gridstackblock card card-secondary clearfix" id="user_blockinstance_134212">
    
        <div class="block-header d-none">
    
        <a class="modal_link list-group-heading" href="#" title="Détails">
            <span class="icon icon-search-plus bh-details-only" title="Détails"></span>
            
                Détails
            
        </a>
    
</div>

    
    
    
        <h2 class="title card-header js-heading">
            

            <span class="collapse-inline">
                Journal de SAE
                
            </span>

            

        </h2>
    

    <div class="block" id="user_blockinstance_134212_target">
        
        
            

<div id="user_blogpost-" class="card-body flush">

    

    <div class="postdetails text-small text-midtone">
        <span class="icon icon-regular icon-calendar-alt left"></span>
        Écrit par Hervensson Casimir le 03 October 2022, 12:17
        
    </div>

    

    <div class="postcontent">
        <p>Je vais vous présenter ici ce que j'ai fait lors de mes cour de SAE, le projet qui portait sur le thème " Se présenter sur internet"</p>
<p>Lors de la première de la séance, nous avons fait nos premiers pas sur Mahara. Nous avons observer les différentes fonctionnalités que nous proposait le site : la création d'une page, la modifier, la partager avec les autres utilisateurs. Nous avons vus la sauvegarde des données avec le site GitHub.</p>
<p>Lors de la deuxième et troisième séance, nous avons remplis les différentes parties de notre profil mais aussi la constitution de note Curriculum Vitae (CV).</p>
<p> </p>
    </div>

    

    

</div>




        
    </div>
</div>
</div><div id="user_block_135713"><div class="bt-myviews gridstackblock card card-secondary clearfix" id="user_blockinstance_135713">
    
    
    
        <h2 class="title card-header js-heading">
            

            <span class="collapse-inline">
                Mes portfolios
                
            </span>

            

        </h2>
    

    <div class="block" id="user_blockinstance_135713_target">
        
        
            
    <div class="list-group">
        <div id="user_myviewlist">
            
    <div class="list-group-item flush">
        <h3 class="title list-group-item-heading text-inline">
            <a href="https://eportfolio.u-pec.fr/view/view.php?id=30809">Mes portfolios</a>
        </h3>

        

        
        <div class="list-group-item-text text-small">
            Vous décrouverez ici les différents projets que j'ai effectués.
        </div>
        

        
    </div>

    <div class="list-group-item flush">
        <h3 class="title list-group-item-heading text-inline">
            <a href="https://eportfolio.u-pec.fr/view/view.php?id=30822">test</a>
        </h3>

        

        
        <div class="list-group-item-text text-small">
            test du jour
        </div>
        

        
    </div>


        </div>
    
        <div id="user_myviews_page_container" class="d-none"><div id="user_myviews_pagination" class="pagination-wrapper center"><div class="lead text-small results float-right">2 résultats</div></div></div>
    
    
    
    
    </div>


        
    </div>
</div>
</div><div id="user_block_135714"><div class="bt-wall gridstackblock card card-secondary clearfix" id="user_blockinstance_135714">
    
    
    
        <h2 class="title card-header js-heading">
            

            <span class="collapse-inline">
                Mur
                
            </span>

            

        </h2>
    

    <div class="block" id="user_blockinstance_135714_target">
        
        
            
<div class="form-group requiredmarkerdesc d-none">Les rubriques avec un « * » doivent être saisies.</div><div id="user_wallpost_135714_postsizelimit_container" class="metadata html form-group">Au maximum 1500 caractères par message.</div>
<div id="user_wallpost_135714_text_container" class="html required wysiwyg form-group">Envoyer <span class="requiredmarker">*</span></div>
<div id="user_wallpost_135714_private_container" class="switchbox form-group">Rendre votre message privé ?<div class="form-switch">
    <div class="switch">
        

        
            <span class="switch-inner"></span>
            <span class="switch-indicator"></span>
            <span class="state-label on">Oui</span>
            <span class="state-label off">Non</span>
        
    </div>
    
</div>
</div>
<div id="user_wallpost_135714_submit_container" class="primary submit form-group"></div>






<div id="user_wall" class="wall list-group list-group-lite list-group-top-border">
    
        <div class="card-body lead text-small text-center">Aucun message à afficher sur le mur</div>
    
    
</div>

    <a href="https://eportfolio.u-pec.fr/blocktype/wall/wall.php?id=135714" class="detail-link link-blocktype"><span class="icon icon-arrow-circle-right"></span> Voir tout le mur</a>


        
    </div>
</div>
</div><div id="user_block_135715"><div class="bt-myfriends gridstackblock card card-secondary clearfix" id="user_blockinstance_135715">
    
    
    
        <h2 class="title card-header js-heading">
            

            <span class="collapse-inline">
                Mes contacts
                
            </span>

            

        </h2>
    

    <div class="block" id="user_blockinstance_135715_target">
        
        
            <div class="friends card-body">

    <div id="user_userfriendstable">
       <div class="js-masonry user-thumbnails">

    
        <a href="https://eportfolio.u-pec.fr/user/view.php?id=2992" class="item user-icon metadata user-icon-100 d0">
            <img src="https://eportfolio.u-pec.fr/thumb.php?type=profileiconbyid&amp;maxwidth=100&amp;maxheight=100&amp;id=64348" alt="Image du profil de Rayane Ligali" height="100" />
            </a><p class="member-name"><a href="https://eportfolio.u-pec.fr/user/view.php?id=2992" class="item user-icon metadata user-icon-100 d0">Rayane Ligali</a></p><a href="https://eportfolio.u-pec.fr/user/view.php?id=2992" class="item user-icon metadata user-icon-100 d0">
        </a>
    
        <a href="https://eportfolio.u-pec.fr/user/view.php?id=3586" class="item user-icon metadata user-icon-100 d1">
            <img src="https://eportfolio.u-pec.fr/theme/raw/images/no_userphoto.png" alt="Image du profil de Shaista Shemir Abdallah" height="100" />
            </a><p class="member-name"><a href="https://eportfolio.u-pec.fr/user/view.php?id=3586" class="item user-icon metadata user-icon-100 d1">Shaista Shemir Abdallah</a></p><a href="https://eportfolio.u-pec.fr/user/view.php?id=3586" class="item user-icon metadata user-icon-100 d1">
        </a>
    

</div>

    </div>
    <div id="user_myfriends_page_container" class="d-none">
        
    </div>
    

</div>

        
    </div>
</div>
</div></div></div></content>
        <rdf:type rdf:resource="leap2:selection"/>

        <link rel="leap2:has_part" href="portfolio:artefact88870"/>
        <link rel="leap2:has_part" href="portfolio:artefact89380"/>
        <link rel="leap2:has_part" href="portfolio:artefact89386"/>
        <link rel="leap2:has_part" href="portfolio:artefact86327"/>
        <link rel="leap2:has_part" href="portfolio:artefact86328"/>
        <link rel="leap2:has_part" href="portfolio:artefact86329"/>
        <link rel="leap2:has_part" href="portfolio:artefact87721"/>
        <link rel="leap2:has_part" href="portfolio:artefact87722"/>
        <link rel="leap2:has_part" href="portfolio:artefact89383"/>
        <link rel="leap2:has_part" href="portfolio:artefact89388"/>
        <link rel="leap2:has_part" href="portfolio:artefact88261"/>
        <link rel="leap2:has_part" href="portfolio:artefact87640"/>
        <link rel="leap2:has_part" href="portfolio:artefact87733"/>
        <link rel="leap2:has_part" href="portfolio:artefact87740"/>
        <link rel="leap2:has_part" href="portfolio:artefact87761"/>
        <link rel="leap2:has_part" href="portfolio:artefact87766"/>
        <link rel="leap2:has_part" href="portfolio:artefact87810"/>
        <link rel="leap2:has_part" href="portfolio:artefact87776"/>
        <link rel="leap2:has_part" href="portfolio:artefact87795"/>
        <link rel="leap2:has_part" href="portfolio:artefact88866"/>
        <link rel="leap2:has_part" href="portfolio:artefact88867"/>
        <link rel="leap2:has_part" href="portfolio:artefact88868"/>


        <category term="Webpage" scheme="categories:selection_type#"/>





        <mahara:view mahara:newlayout="1" mahara:type="profile" mahara:ownerformat="6">
        
            
            <mahara:blockinstance mahara:blocktype="image" mahara:blocktitle="Bienvenue" mahara:positionx="0" mahara:positiony="0" mahara:height="55" mahara:width="12">
                
                    
                    <mahara:artefactid>[&quot;portfolio:artefact89380&quot;]</mahara:artefactid>
                    
                
                    
                    <mahara:showdescription>[false]</mahara:showdescription>
                    
                
                    
                    <mahara:width>[&quot;&quot;]</mahara:width>
                    
                
                    
                    <mahara:retractable>[0]</mahara:retractable>
                    
                
                    
                    <mahara:retractedonload>[0]</mahara:retractedonload>
                    
                
                
                
            </mahara:blockinstance>
            
            <mahara:blockinstance mahara:blocktype="profileinfo" mahara:blocktitle="Contact" mahara:positionx="0" mahara:positiony="55" mahara:height="33" mahara:width="4">
                
                    
                    <mahara:fields>[[&quot;firstname&quot;,&quot;lastname&quot;,&quot;studentid&quot;,&quot;introduction&quot;,&quot;town&quot;]]</mahara:fields>
                    
                
                    
                    <mahara:email>[&quot;hervensson.casimir@etu.u-pec.fr&quot;]</mahara:email>
                    
                
                    
                    <mahara:introtext>[&quot;&quot;]</mahara:introtext>
                    
                
                
                
            </mahara:blockinstance>
            
            <mahara:blockinstance mahara:blocktype="text" mahara:blocktitle="A propos de moi" mahara:positionx="4" mahara:positiony="55" mahara:height="36" mahara:width="4">
                
                    
                    <mahara:text>[&quot;&lt;p&gt;Je m&#039;appelle Hervensson CASIMIR, Bienvenue sur mon e-portfolio que j&#039;ai le plaisir de partager avec vous !&lt;\/p&gt;\r\n&lt;p&gt;Je suis actuellement &amp;eacute;tudiant en premi&amp;egrave;re ann&amp;eacute;e dans la fili&amp;egrave;re Bachelor r&amp;eacute;seaux et t&amp;eacute;l&amp;eacute;communications &amp;agrave; l&#039;Universit&amp;eacute; Paris-est Cr&amp;eacute;teil (UPEC) sur le site Vitry.&lt;\/p&gt;\r\n&lt;p&gt;Je suis passionn&amp;eacute; par&amp;nbsp; l&#039;informatique surtout la cybers&amp;eacute;curit&amp;eacute; qui est un domaine dans lequel je souhaiterai travailler apr&amp;egrave;s mes &amp;eacute;tudes.&lt;\/p&gt;\r\n&lt;p&gt;&amp;nbsp;&lt;\/p&gt;\r\n&lt;p&gt;A travers cette page, vous pourrez me suivre dans mon aventure &amp;agrave; apprendre de nouvelles comp&amp;eacute;tences et atteindre mes objectifs !&lt;\/p&gt;\r\n&lt;p&gt;&amp;nbsp;&lt;\/p&gt;\r\n&lt;p&gt;Bonne lecture !&lt;\/p&gt;&quot;]</mahara:text>
                    
                
                    
                    <mahara:instructions></mahara:instructions>
                    
                
                
                
            </mahara:blockinstance>
            
            <mahara:blockinstance mahara:blocktype="image" mahara:blocktitle="Emplacement" mahara:positionx="8" mahara:positiony="55" mahara:height="33" mahara:width="4">
                
                    
                    <mahara:artefactid>[&quot;portfolio:artefact89386&quot;]</mahara:artefactid>
                    
                
                    
                    <mahara:showdescription>[false]</mahara:showdescription>
                    
                
                    
                    <mahara:width>[&quot;&quot;]</mahara:width>
                    
                
                    
                    <mahara:retractable>[0]</mahara:retractable>
                    
                
                    
                    <mahara:retractedonload>[0]</mahara:retractedonload>
                    
                
                
                
            </mahara:blockinstance>
            
            <mahara:blockinstance mahara:blocktype="image" mahara:blocktitle="Centre d&#039;intérét" mahara:positionx="0" mahara:positiony="88" mahara:height="36" mahara:width="4">
                
                    
                    <mahara:artefactid>[&quot;portfolio:artefact88870&quot;]</mahara:artefactid>
                    
                
                    
                    <mahara:showdescription>[false]</mahara:showdescription>
                    
                
                    
                    <mahara:width>[&quot;&quot;]</mahara:width>
                    
                
                    
                    <mahara:retractable>[0]</mahara:retractable>
                    
                
                    
                    <mahara:retractedonload>[0]</mahara:retractedonload>
                    
                
                
                
            </mahara:blockinstance>
            
            <mahara:blockinstance mahara:blocktype="entireresume" mahara:blocktitle="Mon cv" mahara:positionx="4" mahara:positiony="91" mahara:height="183" mahara:width="4">
                
                    
                    <mahara:tags>[null]</mahara:tags>
                    
                
                    
                    <mahara:retractable>[1]</mahara:retractable>
                    
                
                    
                    <mahara:retractedonload>[0]</mahara:retractedonload>
                    
                
                
                
            </mahara:blockinstance>
            
            <mahara:blockinstance mahara:blocktype="text" mahara:blocktitle="Lettre de motivation" mahara:positionx="8" mahara:positiony="119" mahara:height="49" mahara:width="4">
                
                    
                    <mahara:text>[&quot;&lt;p&gt;Madame, Monsieur,&lt;br \/&gt;Actuellement &amp;eacute;tudiant en premi&amp;egrave;re ann&amp;eacute;e de Bachelor Universitaire et techonologie en R&amp;eacute;seaux et T&amp;eacute;l&amp;eacute;communication &amp;agrave; l&#039;Universit&amp;eacute; Paris-Est-Cr&amp;eacute;teil(UPEC) sur le site de Vitry, un stage au sein de votre organisme me permettrait d&#039;aqu&amp;eacute;rir de l&#039;exp&amp;eacute;rience professionnelle dans le monde l&#039;informatique.&lt;\/p&gt;\r\n&lt;p&gt;J&#039;ai choisis ce cursus car je voulais faire des cours de pratique et d&#039;aqu&amp;eacute;rir des comp&amp;eacute;tences th&amp;eacute;oriques ce qui me permettront de les utiliser en entreprise.&amp;nbsp;&lt;br \/&gt;Plus tard, je souhaiterai devenir ing&amp;eacute;nieur dans la cybers&amp;eacute;curit&amp;eacute;.&lt;br \/&gt;Je suis tr&amp;egrave;s passionn&amp;eacute; par les nouvelles technologies(apprendre de nouvelle chose dans le monde informatique). Je suis aussi tr&amp;egrave;s passionn&amp;eacute; par le sport. Je me suis entra&amp;icirc;n&amp;eacute; 4 ans de football ce qui m&#039;a permis de d&amp;eacute;velopper l&#039;esprit d&#039;&amp;eacute;quipe pour travailler en groupe avec les autres.&amp;nbsp;&lt;br \/&gt;Etant une personne avec beaucoup de rigueur et de remise en question, je serai capable de relever les d&amp;eacute;fis que vous me proposerez.&lt;\/p&gt;\r\n&lt;p&gt;En esp&amp;eacute;rant vous rencontrer tr&amp;egrave;s bient&amp;ocirc;t, je vous prie de croire, Madame Monsieur, &amp;agrave; l&#039;expression de mes salutations les meilleures.&lt;\/p&gt;\r\n&lt;p&gt;&amp;nbsp; &amp;nbsp; &amp;nbsp; &amp;nbsp; &amp;nbsp; &amp;nbsp; &amp;nbsp; &amp;nbsp; &amp;nbsp; &amp;nbsp; &amp;nbsp; &amp;nbsp; &amp;nbsp; &amp;nbsp; &amp;nbsp; &amp;nbsp; &amp;nbsp; &amp;nbsp; &amp;nbsp; &amp;nbsp; &amp;nbsp; &amp;nbsp; &amp;nbsp; &amp;nbsp; &amp;nbsp; &amp;nbsp; &amp;nbsp; &amp;nbsp; &amp;nbsp; &amp;nbsp; &amp;nbsp; &amp;nbsp; &amp;nbsp;Hervensson CASIMIR&lt;\/p&gt;&quot;]</mahara:text>
                    
                
                    
                    <mahara:instructions></mahara:instructions>
                    
                
                
                
            </mahara:blockinstance>
            
            <mahara:blockinstance mahara:blocktype="image" mahara:blocktitle="objectifs" mahara:positionx="0" mahara:positiony="124" mahara:height="40" mahara:width="4">
                
                    
                    <mahara:artefactid>[&quot;portfolio:artefact89383&quot;]</mahara:artefactid>
                    
                
                    
                    <mahara:showdescription>[false]</mahara:showdescription>
                    
                
                    
                    <mahara:width>[&quot;&quot;]</mahara:width>
                    
                
                    
                    <mahara:retractable>[0]</mahara:retractable>
                    
                
                    
                    <mahara:retractedonload>[0]</mahara:retractedonload>
                    
                
                
                
            </mahara:blockinstance>
            
            <mahara:blockinstance mahara:blocktype="image" mahara:blocktitle="Image" mahara:positionx="0" mahara:positiony="164" mahara:height="36" mahara:width="4">
                
                    
                    <mahara:artefactid>[&quot;portfolio:artefact89388&quot;]</mahara:artefactid>
                    
                
                    
                    <mahara:showdescription>[false]</mahara:showdescription>
                    
                
                    
                    <mahara:width>[&quot;&quot;]</mahara:width>
                    
                
                    
                    <mahara:retractable>[0]</mahara:retractable>
                    
                
                    
                    <mahara:retractedonload>[0]</mahara:retractedonload>
                    
                
                
                
            </mahara:blockinstance>
            
            <mahara:blockinstance mahara:blocktype="text" mahara:blocktitle="Job Application" mahara:positionx="8" mahara:positiony="168" mahara:height="41" mahara:width="4">
                
                    
                    <mahara:text>[&quot;&lt;p&gt;Dear Madam, Sir,&lt;br \/&gt;Currently studying in the first year of Bachelor of Science in Networks and Telecommunications at the Universit&amp;eacute; Paris-Est-Cr&amp;eacute;teil (UPEC) on the Vitry site, An internship with your organization would allow me to gain professional experience in the computer world.&lt;\/p&gt;\r\n&lt;p&gt;I chose these studies because I wanted to do practical courses and acquire theoretical skills that will allow me to use them in company.&amp;nbsp;&lt;br \/&gt;Later, I would like to become an engineer in cybersecurity.&lt;br \/&gt;I am very passionate about new technologies (learning new things in the computer world). I am also very passionate about sport. I trained 4 years of football which allowed me to develop team spirit to work in groups with others.&amp;nbsp;&lt;br \/&gt;As a person with a great deal of rigour and questioning, I will be able to meet the challenges you propose.&lt;\/p&gt;\r\n&lt;p&gt;Hoping to meet you very soon, I ask you to believe, Madam Sir, in my best regards.&lt;\/p&gt;\r\n&lt;p&gt;&amp;nbsp; &amp;nbsp; &amp;nbsp; &amp;nbsp; &amp;nbsp; &amp;nbsp; &amp;nbsp; &amp;nbsp; &amp;nbsp; &amp;nbsp; &amp;nbsp; &amp;nbsp; &amp;nbsp; &amp;nbsp; &amp;nbsp; &amp;nbsp; &amp;nbsp; &amp;nbsp; &amp;nbsp; &amp;nbsp; &amp;nbsp; &amp;nbsp; &amp;nbsp; &amp;nbsp; &amp;nbsp; &amp;nbsp; &amp;nbsp; &amp;nbsp; &amp;nbsp; &amp;nbsp; &amp;nbsp; &amp;nbsp; &amp;nbsp;Hervensson CASIMIR&lt;\/p&gt;&quot;]</mahara:text>
                    
                
                    
                    <mahara:instructions></mahara:instructions>
                    
                
                
                
            </mahara:blockinstance>
            
            <mahara:blockinstance mahara:blocktype="blogpost" mahara:blocktitle="Journal de SAE" mahara:positionx="0" mahara:positiony="200" mahara:height="37" mahara:width="4">
                
                    
                    <mahara:artefactid>[&quot;portfolio:artefact88261&quot;]</mahara:artefactid>
                    
                
                    
                    <mahara:copytype>[&quot;nocopy&quot;]</mahara:copytype>
                    
                
                    
                    <mahara:retractable>[0]</mahara:retractable>
                    
                
                    
                    <mahara:retractedonload>[0]</mahara:retractedonload>
                    
                
                
                
            </mahara:blockinstance>
            
            <mahara:blockinstance mahara:blocktype="myviews" mahara:blocktitle="Emplacement" mahara:positionx="0" mahara:positiony="237" mahara:height="19" mahara:width="4">
                
                
                
            </mahara:blockinstance>
            
            <mahara:blockinstance mahara:blocktype="wall" mahara:blocktitle="Emplacement" mahara:positionx="0" mahara:positiony="256" mahara:height="23" mahara:width="4">
                
                
                
            </mahara:blockinstance>
            
            <mahara:blockinstance mahara:blocktype="myfriends" mahara:blocktitle="Emplacement" mahara:positionx="0" mahara:positiony="279" mahara:height="21" mahara:width="4">
                
                
                
            </mahara:blockinstance>
            
        
        </mahara:view>
    </entry>

    <entry>
        <title>Dashboard page</title>
        <id>portfolio:view30774</id>

        <updated>2022-09-27T11:11:52+02:00</updated>
        <published>2022-09-20T16:04:34+02:00</published>

        <summary type="xhtml"><div xmlns="http://www.w3.org/1999/xhtml"><div></div></div></summary>

   <subtitle type="xhtml"><div xmlns="http://www.w3.org/1999/xhtml"><div></div></div></subtitle>
        <content type="xhtml"><div xmlns="http://www.w3.org/1999/xhtml"><div><div id="user_block_131908"><div class="bt-inbox gridstackblock card card-secondary clearfix" id="user_blockinstance_131908">
    
    
    
        <h2 class="title card-header js-heading">
            

            <span class="collapse-inline">
                Boîte de réception
                
            </span>

            

        </h2>
    

    <div class="block" id="user_blockinstance_131908_target">
        
        
            
    <div id="user_inboxblock" class="inboxblock list-group">
        
        <div class="collapsible list-group-item flush-collapsible">
            
                <h3 class="title list-group-item-heading"><a class="collapsed link-block" href="#message_content_viewaccess_54030">
                    
                        <span class="icon icon-wrench text-default left"></span>
                    
                    <span class="sr-only">Nouveaux accès à une page</span>
                    <span class="subject">Vous avez reçu l'accès à 1 portfolio par Rayane...</span>
                    <span class="icon icon-chevron-down collapse-indicator float-right"></span>
                </a></h3>
            
            <div class="collapse" id="user_message_content_viewaccess_54030">
                
                    <p class="content-text">Vous avez reçus les droits suivants:<br /><br />Profile page<br /><br /></p>
                    
                        <a href="https://eportfolio.u-pec.fr/view/view.php?id=24051" class="text-small">
                            Portfolio <span class="icon icon-arrow-right mls icon-sm"></span>
                        </a>
                    
                    
                
            </div>
        </div>
        
        <div class="collapsible list-group-item flush-collapsible">
            
                <h3 class="title list-group-item-heading"><a class="collapsed link-block" href="#message_content_viewaccess_54036">
                    
                        <span class="icon icon-wrench text-default left"></span>
                    
                    <span class="sr-only">Nouveaux accès à une page</span>
                    <span class="subject">Vous avez reçu l'accès à 1 portfolio par Rayane...</span>
                    <span class="icon icon-chevron-down collapse-indicator float-right"></span>
                </a></h3>
            
            <div class="collapse" id="user_message_content_viewaccess_54036">
                
                    <p class="content-text">Vous avez reçus les droits suivants:<br /><br />Profile page<br /><br /></p>
                    
                        <a href="https://eportfolio.u-pec.fr/view/view.php?id=24051" class="text-small">
                            Portfolio <span class="icon icon-arrow-right mls icon-sm"></span>
                        </a>
                    
                    
                
            </div>
        </div>
        
        <div class="collapsible list-group-item flush-collapsible">
            
                <h3 class="title list-group-item-heading"><a class="collapsed link-block" href="#message_content_maharamessage_53570">
                    
                        <span class="icon icon-wrench text-default left"></span>
                    
                    <span class="sr-only">Messages système</span>
                    <span class="subject">Nouvelle demande d'ajout à la iste des contacts</span>
                    <span class="icon icon-chevron-down collapse-indicator float-right"></span>
                </a></h3>
            
            <div class="collapse" id="user_message_content_maharamessage_53570">
                
                    <p class="content-text">Rayane Ligali vous demande de l'ajouter à votre liste de contacts. Vous pouvez accepter cette demande soit en cliquant sur le lien ci-dessous, soit en allant sur la page contenant la liste de vos contacts. La raison qui est accompagne cette demande est :<br />
    gh j,jh,h </p>
                    
                        <a href="user/view.php?id=2992" class="text-small">
                            Demandes d'affiliation <span class="icon icon-arrow-right mls icon-sm"></span>
                        </a>
                    
                    
                
            </div>
        </div>
        
        <div class="collapsible list-group-item flush-collapsible">
            
                <h3 class="title list-group-item-heading"><a class="collapsed link-block" href="#message_content_viewaccess_53567">
                    
                        <span class="icon icon-wrench text-default left"></span>
                    
                    <span class="sr-only">Nouveaux accès à une page</span>
                    <span class="subject">Vous avez reçu l'accès à 1 portfolio par Shaist...</span>
                    <span class="icon icon-chevron-down collapse-indicator float-right"></span>
                </a></h3>
            
            <div class="collapse" id="user_message_content_viewaccess_53567">
                
                    <p class="content-text">Vous avez reçus les droits suivants:<br /><br />TP SAE14<br /><br /></p>
                    
                        <a href="https://eportfolio.u-pec.fr/view/view.php?id=31122" class="text-small">
                            Portfolio <span class="icon icon-arrow-right mls icon-sm"></span>
                        </a>
                    
                    
                
            </div>
        </div>
        
        <div class="collapsible list-group-item flush-collapsible">
            
                <h3 class="title list-group-item-heading"><a class="collapsed link-block" href="#message_content_maharamessage_53225">
                    
                        <span class="icon icon-wrench text-default left"></span>
                    
                    <span class="sr-only">Messages système</span>
                    <span class="subject">Confirmation d'affiliation à une institution</span>
                    <span class="icon icon-chevron-down collapse-indicator float-right"></span>
                </a></h3>
            
            <div class="collapse" id="user_message_content_maharamessage_53225">
                
                    <p class="content-text">Vous êtes maintenant membre de UPEC.</p>
                    
                    
                
            </div>
        </div>
        
    </div>
    
    


        
    </div>
</div>
</div><div id="user_block_131909"><div class="bt-myviews gridstackblock card card-secondary clearfix" id="user_blockinstance_131909">
    
    
    
        <h2 class="title card-header js-heading">
            

            <span class="collapse-inline">
                Mes portfolios
                
            </span>

            

        </h2>
    

    <div class="block" id="user_blockinstance_131909_target">
        
        
            
    <div class="list-group">
        <div id="user_myviewlist">
            
    <div class="list-group-item flush">
        <h3 class="title list-group-item-heading text-inline">
            <a href="https://eportfolio.u-pec.fr/view/view.php?id=30809">Mes portfolios</a>
        </h3>

        

        
        <div class="list-group-item-text text-small">
            Vous décrouverez ici les différents projets que j'ai effectués.
        </div>
        

        
    </div>

    <div class="list-group-item flush">
        <h3 class="title list-group-item-heading text-inline">
            <a href="https://eportfolio.u-pec.fr/view/view.php?id=30822">test</a>
        </h3>

        

        
        <div class="list-group-item-text text-small">
            test du jour
        </div>
        

        
    </div>


        </div>
    
        <div id="user_myviews_page_container" class="d-none"><div id="user_myviews_pagination" class="pagination-wrapper center"><div class="lead text-small results float-right">2 résultats</div></div></div>
    
    
    
    
    </div>


        
    </div>
</div>
</div><div id="user_block_131907"><div class="bt-inbox gridstackblock card card-secondary clearfix" id="user_blockinstance_131907">
    
    
    
        <h2 class="title card-header js-heading">
            

            <span class="collapse-inline">
                Sujets que je suis
                
            </span>

            

        </h2>
    

    <div class="block" id="user_blockinstance_131907_target">
        
        
            
    <div class="card-body">
        <p class="lead text-small">Pas de messages</p>
    </div>


        
    </div>
</div>
</div><div id="user_block_131910"><div class="bt-newviews gridstackblock card card-secondary clearfix" id="user_blockinstance_131910">
    
    
    
        <h2 class="title card-header js-heading">
            

            <span class="collapse-inline">
                Portfolios partagés avec moi
                
            </span>

            

        </h2>
    

    <div class="block" id="user_blockinstance_131910_target">
        
        
            
<div class="list-group">
    
    <div class="list-group-item flush">
        <h3 class="list-group-item-heading text-inline">
            <a href="https://eportfolio.u-pec.fr/view/view.php?id=31122">TP SAE14</a>
        </h3>
        <span class="text-small text-midtone"></span>
        
        <div class="groupuserdate text-small">
            
                
                <a href="https://eportfolio.u-pec.fr/user/view.php?id=3586" class="text-link">
                    Shaista Shemir Abdallah
                </a>
            
        
            <span class="postedon text-midtone">
                - 
                    Mis à jour
                
                09 October 2022
            </span>
        </div>
        
    </div>
    
</div>


        
    </div>
</div>
</div></div></div></content>
        <rdf:type rdf:resource="leap2:selection"/>



        <category term="Webpage" scheme="categories:selection_type#"/>





        <mahara:view mahara:newlayout="1" mahara:type="dashboard" mahara:ownerformat="6">
        
            
            <mahara:blockinstance mahara:blocktype="inbox" mahara:blocktitle="" mahara:positionx="0" mahara:positiony="0" mahara:height="63" mahara:width="11">
                
                    
                    <mahara:feedback>[true]</mahara:feedback>
                    
                
                    
                    <mahara:groupmessage>[true]</mahara:groupmessage>
                    
                
                    
                    <mahara:institutionmessage>[true]</mahara:institutionmessage>
                    
                
                    
                    <mahara:maharamessage>[true]</mahara:maharamessage>
                    
                
                    
                    <mahara:usermessage>[true]</mahara:usermessage>
                    
                
                    
                    <mahara:viewaccess>[true]</mahara:viewaccess>
                    
                
                    
                    <mahara:watchlist>[true]</mahara:watchlist>
                    
                
                    
                    <mahara:maxitems>[&quot;5&quot;]</mahara:maxitems>
                    
                
                    
                    <mahara:wallpost>[true]</mahara:wallpost>
                    
                
                
                
            </mahara:blockinstance>
            
            <mahara:blockinstance mahara:blocktype="myviews" mahara:blocktitle="" mahara:positionx="0" mahara:positiony="63" mahara:height="57" mahara:width="10">
                
                
                
            </mahara:blockinstance>
            
            <mahara:blockinstance mahara:blocktype="inbox" mahara:blocktitle="" mahara:positionx="0" mahara:positiony="120" mahara:height="47" mahara:width="10">
                
                    
                    <mahara:newpost>[true]</mahara:newpost>
                    
                
                    
                    <mahara:maxitems>[&quot;5&quot;]</mahara:maxitems>
                    
                
                
                
            </mahara:blockinstance>
            
            <mahara:blockinstance mahara:blocktype="newviews" mahara:blocktitle="" mahara:positionx="0" mahara:positiony="167" mahara:height="77" mahara:width="9">
                
                    
                    <mahara:limit>[5]</mahara:limit>
                    
                
                    
                    <mahara:user>[1]</mahara:user>
                    
                
                    
                    <mahara:friend>[1]</mahara:friend>
                    
                
                    
                    <mahara:group>[1]</mahara:group>
                    
                
                
                
            </mahara:blockinstance>
            
        
        </mahara:view>
    </entry>

    <entry>
        <title>Mes portfolios</title>
        <id>portfolio:view30809</id>

        <updated>2022-10-17T00:12:08+02:00</updated>
        <published>2022-09-20T16:04:45+02:00</published>

        <summary type="xhtml"><div xmlns="http://www.w3.org/1999/xhtml"><div>Vous décrouverez ici les différents projets que j'ai effectués.</div></div></summary>

   <subtitle type="xhtml"><div xmlns="http://www.w3.org/1999/xhtml"><div></div></div></subtitle>
        <content type="xhtml"><div xmlns="http://www.w3.org/1999/xhtml"><div><div id="user_block_132091"><div class="bt-externalvideo gridstackblock card card-secondary card-brand clearfix" id="user_blockinstance_132091">
    
    
    
        <h2 class="title card-header js-heading">
            

            <span class="collapse-inline">
                CV vidéo
                
            </span>

            

        </h2>
    

    <div class="block" id="user_blockinstance_132091_target">
        
        
            <div class="mediaplayer-container text-center card-body">
  <div id="user_vid_132091" class="mediaplayer" style="margin:0 auto;">
    <iframe class="externalvideoiframe" width="560" height="349" src="https://www.youtube.com/embed/0NdR-lEdvzs?start=" allowfullscreen="1"></iframe>
    
  </div>
</div>

        
    </div>
</div>
</div></div></div></content>
        <rdf:type rdf:resource="leap2:selection"/>



        <category term="Webpage" scheme="categories:selection_type#"/>





        <mahara:view mahara:newlayout="1" mahara:type="portfolio" mahara:ownerformat="6">
        
            
            <mahara:blockinstance mahara:blocktype="externalvideo" mahara:blocktitle="CV vidéo" mahara:positionx="0" mahara:positiony="0" mahara:height="31" mahara:width="4">
                
                    
                    <mahara:videoid>[&quot;&lt;iframe class=\&quot;externalvideoiframe\&quot; width=\&quot;560\&quot; height=\&quot;349\&quot; src=\&quot;https:\/\/www.youtube.com\/embed\/0NdR-lEdvzs?start=\&quot; allowfullscreen=\&quot;1\&quot;&gt;&lt;\/iframe&gt;&quot;]</mahara:videoid>
                    
                
                    
                    <mahara:width>[560]</mahara:width>
                    
                
                    
                    <mahara:height>[349]</mahara:height>
                    
                
                    
                    <mahara:tags>[null]</mahara:tags>
                    
                
                    
                    <mahara:retractable>[0]</mahara:retractable>
                    
                
                    
                    <mahara:retractedonload>[0]</mahara:retractedonload>
                    
                
                    
                    <mahara:html>[&quot;&lt;iframe class=\&quot;externalvideoiframe\&quot; width=\&quot;560\&quot; height=\&quot;349\&quot; src=\&quot;https:\/\/www.youtube.com\/embed\/0NdR-lEdvzs?start=\&quot; allowfullscreen=\&quot;1\&quot;&gt;&lt;\/iframe&gt;&quot;]</mahara:html>
                    
                
                
                
            </mahara:blockinstance>
            
        
        </mahara:view>
    </entry>

    <entry>
        <title>test</title>
        <id>portfolio:view30822</id>

        <updated>2022-09-20T18:06:30+02:00</updated>
        <published>2022-09-20T17:05:58+02:00</published>

        <summary type="xhtml"><div xmlns="http://www.w3.org/1999/xhtml"><div>test du jour</div></div></summary>

   <subtitle type="xhtml"><div xmlns="http://www.w3.org/1999/xhtml"><div></div></div></subtitle>
        <content type="xhtml"><div xmlns="http://www.w3.org/1999/xhtml"><div><div id="user_block_132113"><div class="bt-image gridstackblock card card-secondary clearfix" id="user_blockinstance_132113">
    
        <div class="block-header d-none">
    
        <a class="commentlink" href="#" title="">
        
            
                <span class="icon icon-plus" title="Commentaires et les détails"></span>
                Ajouter un commentaire
                <span class="bh-margin-left icon icon-search-plus"></span>
                Détails
            
        
        </a>
    
</div>

    
    
    
        <h2 class="title card-header js-heading">
            

            <span class="collapse-inline">
                image
                
            </span>

            

        </h2>
    

    <div class="block" id="user_blockinstance_132113_target">
        
        
            <div class="imageblock card-body">
    <div class="image">
        
        <a class="modal_link" href="#">
            <img rel="leap2:has_part" href="portfolio:artefact86449" alt="troll.jpg" title="troll.jpg" />
        </a>
        
    </div>

    
    <div class="detail">
        troll.jpg
    </div>
    
</div>

        
    </div>
</div>
</div><div id="user_block_132226"><div class="bt-text gridstackblock card card-secondary clearfix" id="user_blockinstance_132226">
    
    
        <div class="block-header quick-edit d-none">
    <a class="modal_link list-group-heading" href="#" title="Édition rapide">
        <span class="icon icon-pencil-alt" title="Édition rapide"></span>
        Édition rapide
    </a>
</div>

    
    
        <h2 class="title card-header js-heading">
            

            <span class="collapse-inline">
                Emplacement
                
            </span>

            

        </h2>
    

    <div class="block" id="user_blockinstance_132226_target">
        
        
            

<div class="textblock card-body flush">
<p>bonjour monsieur</p>
</div>


        
    </div>
</div>
</div></div></div></content>
        <rdf:type rdf:resource="leap2:selection"/>

        <link rel="leap2:has_part" href="portfolio:artefact86449"/>


        <category term="Webpage" scheme="categories:selection_type#"/>





        <mahara:view mahara:newlayout="1" mahara:type="portfolio" mahara:ownerformat="6">
        
            
            <mahara:blockinstance mahara:blocktype="image" mahara:blocktitle="image" mahara:positionx="0" mahara:positiony="0" mahara:height="25" mahara:width="4">
                
                    
                    <mahara:artefactid>[&quot;portfolio:artefact86449&quot;]</mahara:artefactid>
                    
                
                    
                    <mahara:showdescription>[true]</mahara:showdescription>
                    
                
                    
                    <mahara:width>[&quot;&quot;]</mahara:width>
                    
                
                    
                    <mahara:retractable>[0]</mahara:retractable>
                    
                
                    
                    <mahara:retractedonload>[0]</mahara:retractedonload>
                    
                
                
                
            </mahara:blockinstance>
            
            <mahara:blockinstance mahara:blocktype="text" mahara:blocktitle="Emplacement" mahara:positionx="4" mahara:positiony="0" mahara:height="8" mahara:width="4">
                
                    
                    <mahara:text>[&quot;&lt;p&gt;bonjour monsieur&lt;\/p&gt;&quot;]</mahara:text>
                    
                
                    
                    <mahara:instructions></mahara:instructions>
                    
                
                
                
            </mahara:blockinstance>
            
        
        </mahara:view>
    </entry>

    <entry>
        <title>Journal de Hervensson Casimir</title>
        <id>portfolio:artefact86331</id>

        <updated>2022-09-20T16:04:34+02:00</updated>
        <published>2022-09-20T16:04:34+02:00</published>




        <content type="xhtml"><div xmlns="http://www.w3.org/1999/xhtml"><div></div></div></content>
        <rdf:type rdf:resource="leap2:selection"/>
        <mahara:artefactplugin mahara:type="blog" mahara:plugin="blog"/>
        <link rel="leap2:has_part" href="portfolio:artefact88261"/>


        <category term="Blog" scheme="categories:selection_type#"/>




    </entry>


    <entry>
        <title>Images de couverture</title>
        <id>portfolio:artefact86402</id>

        <updated>2022-09-20T16:04:45+02:00</updated>
        <published>2022-09-20T16:04:45+02:00</published>




        <content></content>
        <rdf:type rdf:resource="leap2:selection"/>
        <mahara:artefactplugin mahara:type="folder" mahara:plugin="file"/>


        <category term="Folder" scheme="categories:selection_type#"/>




    </entry>


    <entry>
        <title>troll.jpg</title>
        <id>portfolio:artefact86449</id>

        <updated>2022-09-20T17:05:26+02:00</updated>
        <published>2022-09-20T17:05:26+02:00</published>




        <content type="xhtml"><div xmlns="http://www.w3.org/1999/xhtml"><div></div></div></content>
        <rdf:type rdf:resource="leap2:resource"/>
        <mahara:artefactplugin mahara:type="image" mahara:plugin="file"/>
        <link rel="enclosure" type="image/jpeg" href="export_info/files/86449-troll.jpg"/>
        <link rel="leap2:is_part_of" href="portfolio:view30822"/>


        <category term="Offline" scheme="categories:resource_type#" label="File"/>




    </entry>


    <entry>
        <title>Historique de formation</title>
        <id>portfolio:artefact87733</id>

        <updated>2022-09-27T10:10:41+02:00</updated>
        <published>2022-09-27T10:10:41+02:00</published>




        <content></content>
        <rdf:type rdf:resource="leap2:selection"/>
        <mahara:artefactplugin mahara:type="educationhistory" mahara:plugin="resume"/>
        <link rel="leap2:has_part" href="portfolio:resumecomposite-87733-child-956" leap2:display_order="1"/>


        <category term="Grouping" scheme="categories:selection_type#"/>




    </entry>


    <entry>
        <title>Baccalauréat général</title>
        <id>portfolio:resumecomposite-87733-child-956</id>

        <updated>2022-09-27T10:10:41+02:00</updated>





        <content>&lt;p&gt;Sp&amp;eacute;cialit&amp;eacute;s : math&amp;eacute;matiques / physique-chimie avec option : maths experte obtenue avec mention assez bien&lt;/p&gt;</content>
        <rdf:type rdf:resource="leap2:activity"/>
        <mahara:artefactplugin mahara:type="pseudo:educationhistory" mahara:plugin="resume"/>
        <link rel="leap2:is_part_of" href="portfolio:artefact87733" leap2:display_order="1"/>
        <link rel="leap2:supported_by" href="portfolio:resumesibling-87733-sibling-956-rel-supports"/>
        <link rel="leap2:supports" href="portfolio:resumesibling-87733-sibling-956-rel-supported_by"/>


        <category term="Education" scheme="categories:life_area#"/>






        <leap2:date leap2:point="start" leap2:label="2022"></leap2:date>


    </entry>

    <entry>
        <title>Lycée Parc des Loges</title>
        <id>portfolio:resumesibling-87733-sibling-956-rel-supports</id>

        <updated>2022-09-27T10:10:41+02:00</updated>





        <content></content>
        <rdf:type rdf:resource="leap2:organization"/>
        <mahara:artefactplugin mahara:type="pseudo:educationhistory" mahara:plugin="resume"/>
        <link rel="leap2:supports" href="portfolio:resumecomposite-87733-child-956"/>










    </entry>

    <entry>
        <title></title>
        <id>portfolio:resumesibling-87733-sibling-956-rel-supported_by</id>

        <updated>2022-09-27T10:10:41+02:00</updated>





        <content>Baccalauréat général</content>
        <rdf:type rdf:resource="leap2:achievement"/>
        <mahara:artefactplugin mahara:type="pseudo:educationhistory" mahara:plugin="resume"/>
        <link rel="leap2:supported_by" href="portfolio:resumecomposite-87733-child-956"/>










    </entry>

    <entry>
        <title>Historique des emplois</title>
        <id>portfolio:artefact87740</id>

        <updated>2022-09-27T10:10:26+02:00</updated>
        <published>2022-09-27T10:10:20+02:00</published>




        <content></content>
        <rdf:type rdf:resource="leap2:selection"/>
        <mahara:artefactplugin mahara:type="employmenthistory" mahara:plugin="resume"/>
        <link rel="leap2:has_part" href="portfolio:resumecomposite-87740-child-646" leap2:display_order="1"/>
        <link rel="leap2:has_part" href="portfolio:resumecomposite-87740-child-652" leap2:display_order="2"/>


        <category term="Grouping" scheme="categories:selection_type#"/>




    </entry>


    <entry>
        <title>Employé de rayon </title>
        <id>portfolio:resumecomposite-87740-child-646</id>

        <updated>2022-09-27T10:10:26+02:00</updated>





        <content>&lt;ul&gt;
&lt;li&gt;mise en rayon&lt;/li&gt;
&lt;/ul&gt;</content>
        <rdf:type rdf:resource="leap2:activity"/>
        <mahara:artefactplugin mahara:type="pseudo:employmenthistory" mahara:plugin="resume"/>
        <link rel="leap2:is_part_of" href="portfolio:artefact87740" leap2:display_order="1"/>
        <link rel="leap2:supported_by" href="portfolio:resumesibling-87740-sibling-646-rel-supports"/>


        <category term="Work" scheme="categories:life_area#"/>






        <leap2:date leap2:point="start" leap2:label="2022"></leap2:date>


    </entry>

    <entry>
        <title>Primark</title>
        <id>portfolio:resumesibling-87740-sibling-646-rel-supports</id>

        <updated>2022-09-27T10:10:26+02:00</updated>





        <content></content>
        <rdf:type rdf:resource="leap2:organization"/>
        <mahara:artefactplugin mahara:type="pseudo:employmenthistory" mahara:plugin="resume"/>
        <link rel="leap2:supports" href="portfolio:resumecomposite-87740-child-646"/>










    </entry>

    <entry>
        <title>technicien en support informatique (stage d&#039;observation) </title>
        <id>portfolio:resumecomposite-87740-child-652</id>

        <updated>2022-09-27T10:10:26+02:00</updated>





        <content>&lt;p&gt;Lors du stage d&#039;observation de 3&amp;egrave;me j&#039;ai pu install&amp;eacute; des ordinateur pour le r&amp;eacute;seaux interne de l&#039;entreprise.&lt;/p&gt;</content>
        <rdf:type rdf:resource="leap2:activity"/>
        <mahara:artefactplugin mahara:type="pseudo:employmenthistory" mahara:plugin="resume"/>
        <link rel="leap2:is_part_of" href="portfolio:artefact87740" leap2:display_order="2"/>
        <link rel="leap2:supported_by" href="portfolio:resumesibling-87740-sibling-652-rel-supports"/>


        <category term="Work" scheme="categories:life_area#"/>






        <leap2:date leap2:point="start" leap2:label="2017"></leap2:date>


    </entry>

    <entry>
        <title>ARCOM (ex: CSA) </title>
        <id>portfolio:resumesibling-87740-sibling-652-rel-supports</id>

        <updated>2022-09-27T10:10:26+02:00</updated>





        <content></content>
        <rdf:type rdf:resource="leap2:organization"/>
        <mahara:artefactplugin mahara:type="pseudo:employmenthistory" mahara:plugin="resume"/>
        <link rel="leap2:supports" href="portfolio:resumecomposite-87740-child-652"/>










    </entry>

    <entry>
        <title>Objectifs de carrière</title>
        <id>portfolio:artefact87761</id>

        <updated>2022-09-27T10:10:04+02:00</updated>
        <published>2022-09-27T10:10:59+02:00</published>




        <content type="xhtml"><div xmlns="http://www.w3.org/1999/xhtml"><div><p>J'aimerai être un expert de la sécurité informatique travailler pour protéger une entreprise contre les différentes attaques extérieur.</p></div></div></content>
        <rdf:type rdf:resource="leap2:entry"/>
        <mahara:artefactplugin mahara:type="careergoal" mahara:plugin="resume"/>
        <link rel="leap2:is_part_of" href="portfolio:view30773"/>






    </entry>


    <entry>
        <title>Objectifs académiques</title>
        <id>portfolio:artefact87766</id>

        <updated>2022-09-27T11:11:19+02:00</updated>
        <published>2022-09-27T10:10:16+02:00</published>




        <content type="xhtml"><div xmlns="http://www.w3.org/1999/xhtml"><div><p>J'aimerais intégrer une école d'ingénieur dans le domaine de la cybersécurité ou bien faire un master sécurité informatique</p></div></div></content>
        <rdf:type rdf:resource="leap2:entry"/>
        <mahara:artefactplugin mahara:type="academicgoal" mahara:plugin="resume"/>
        <link rel="leap2:is_part_of" href="portfolio:view30773"/>






    </entry>


    <entry>
        <title>Compétences académiques</title>
        <id>portfolio:artefact87776</id>

        <updated>2022-10-03T11:11:45+02:00</updated>
        <published>2022-09-27T10:10:59+02:00</published>




        <content type="xhtml"><div xmlns="http://www.w3.org/1999/xhtml"><div><p>Pendant mes années lycéennes, j'ai pu acquérir de nombreuses compétences qui me sont fortement utiles dans un cadre académique. Voici ces compétences :</p>
<ul>
<li>Maîtrise du Pack Office ( Word, PowerPoint, Excel)</li>
<li>Programmation en Python</li>
<li>Programmation Web (HTML, CSS, PHP)</li>
<li>Maîtrise des logiciels de virtualisation( Virtual Box)</li>
</ul>
<p> </p>
<p>Ces compétences me permettent d'avoir des bases solides pour les maîtriser et d'en acquérir de nouvelles durant mes années en BUT R&amp;T.</p></div></div></content>
        <rdf:type rdf:resource="leap2:ability"/>
        <mahara:artefactplugin mahara:type="academicskill" mahara:plugin="resume"/>
        <link rel="leap2:is_part_of" href="portfolio:view30773"/>






    </entry>


    <entry>
        <title>Centres d&#039;intérêt</title>
        <id>portfolio:artefact87795</id>

        <updated>2022-10-03T11:11:06+02:00</updated>
        <published>2022-09-27T10:10:32+02:00</published>




        <content type="xhtml"><div xmlns="http://www.w3.org/1999/xhtml"><div><ul>
<li>Sport ( J'ai pratiqué pendant 4 ans du football et 2 ans du kick-boxing)</li>
<li>Nouvelles technologies</li>
</ul></div></div></content>
        <rdf:type rdf:resource="leap2:entry"/>
        <mahara:artefactplugin mahara:type="interest" mahara:plugin="resume"/>
        <link rel="leap2:is_part_of" href="portfolio:view30773"/>






    </entry>


    <entry>
        <title>2018-Logo-IUT-Creeteil-Vitry.svg</title>
        <id>portfolio:artefact87809</id>

        <updated>2022-09-27T11:11:36+02:00</updated>
        <published>2022-09-27T11:11:36+02:00</published>




        <content type="xhtml"><div xmlns="http://www.w3.org/1999/xhtml"><div></div></div></content>
        <rdf:type rdf:resource="leap2:resource"/>
        <mahara:artefactplugin mahara:type="file" mahara:plugin="file"/>
        <link rel="enclosure" type="image/svg+xml" href="export_info/files/87809-2018-Logo-IUT-Creeteil-Vitry.svg"/>


        <category term="Offline" scheme="categories:resource_type#" label="File"/>




    </entry>


    <entry>
        <title>Affiliations professionnelles</title>
        <id>portfolio:artefact87810</id>

        <updated>2022-09-27T11:11:24+02:00</updated>
        <published>2022-09-27T11:11:24+02:00</published>




        <content></content>
        <rdf:type rdf:resource="leap2:selection"/>
        <mahara:artefactplugin mahara:type="membership" mahara:plugin="resume"/>
        <link rel="leap2:has_part" href="portfolio:resumecomposite-87810-child-21" leap2:display_order="1"/>


        <category term="Grouping" scheme="categories:selection_type#"/>




    </entry>


    <entry>
        <title>IUT Créteil-Vitry</title>
        <id>portfolio:resumecomposite-87810-child-21</id>

        <updated>2022-09-27T11:11:24+02:00</updated>





        <content></content>
        <rdf:type rdf:resource="leap2:affiliation"/>
        <mahara:artefactplugin mahara:type="pseudo:membership" mahara:plugin="resume"/>
        <link rel="leap2:is_part_of" href="portfolio:artefact87810" leap2:display_order="1"/>








        <leap2:date leap2:point="start" leap2:label="2022"></leap2:date>


    </entry>

    <entry>
        <title>Journal de SAE</title>
        <id>portfolio:artefact88261</id>

        <updated>2022-10-03T12:12:52+02:00</updated>
        <published>2022-10-03T12:12:52+02:00</published>




        <content type="xhtml"><div xmlns="http://www.w3.org/1999/xhtml"><div><p>Je vais vous présenter ici ce que j'ai fait lors de mes cour de SAE, le projet qui portait sur le thème " Se présenter sur internet"</p>
<p>Lors de la première de la séance, nous avons fait nos premiers pas sur Mahara. Nous avons observer les différentes fonctionnalités que nous proposait le site : la création d'une page, la modifier, la partager avec les autres utilisateurs. Nous avons vus la sauvegarde des données avec le site GitHub.</p>
<p>Lors de la deuxième et troisième séance, nous avons remplis les différentes parties de notre profil mais aussi la constitution de note Curriculum Vitae (CV).</p>
<p> </p></div></div></content>
        <rdf:type rdf:resource="leap2:entry"/>
        <mahara:artefactplugin mahara:type="blogpost" mahara:plugin="blog"/>
        <link rel="leap2:is_part_of" href="portfolio:view30773"/>
        <link rel="leap2:is_part_of" href="portfolio:artefact86331"/>






    </entry>


    <entry>
        <title>Objectifs personnels</title>
        <id>portfolio:artefact88866</id>

        <updated>2022-10-06T14:02:30+02:00</updated>
        <published>2022-10-06T14:02:34+02:00</published>




        <content type="xhtml"><div xmlns="http://www.w3.org/1999/xhtml"><div><p>L'envie d'apprendre de nouvelles choses et de les maitriser sont mes principales motivations.</p>
<p>J'ai pour objectifs de :</p>
<ul>
<li>M'initier à la sécurité informatique</li>
<li>Devenir ingénieur en cybersécurité.</li>
</ul></div></div></content>
        <rdf:type rdf:resource="leap2:entry"/>
        <mahara:artefactplugin mahara:type="personalgoal" mahara:plugin="resume"/>
        <link rel="leap2:is_part_of" href="portfolio:view30773"/>






    </entry>


    <entry>
        <title>Compétences personnelles</title>
        <id>portfolio:artefact88867</id>

        <updated>2022-10-06T14:02:14+02:00</updated>
        <published>2022-10-06T14:02:41+02:00</published>




        <content type="xhtml"><div xmlns="http://www.w3.org/1999/xhtml"><div><ul>
<li>un sens du travail en équipe ( j'ai pratiqué du football en club ce qui m'a permis d'être un personne capable d'encourager les autres.</li>
<li>persévérant ( j'ai toujours voulu le meilleur dans ce que j'entreprends).</li>
</ul></div></div></content>
        <rdf:type rdf:resource="leap2:ability"/>
        <mahara:artefactplugin mahara:type="personalskill" mahara:plugin="resume"/>
        <link rel="leap2:is_part_of" href="portfolio:view30773"/>






    </entry>


    <entry>
        <title>Compétences professionnelles</title>
        <id>portfolio:artefact88868</id>

        <updated>2022-10-06T14:02:43+02:00</updated>
        <published>2022-10-06T14:02:37+02:00</published>




        <content type="xhtml"><div xmlns="http://www.w3.org/1999/xhtml"><div><p>Ayant effectuer un stage et un job étudiant dans une entreprise commerciale. J'ai pu maitriser des compétences essentielles dans le monde profesionnelle.</p>
<ul>
<li>Etre ponctuel</li>
<li>autonome</li>
<li>Relationnel client</li>
</ul></div></div></content>
        <rdf:type rdf:resource="leap2:ability"/>
        <mahara:artefactplugin mahara:type="workskill" mahara:plugin="resume"/>
        <link rel="leap2:is_part_of" href="portfolio:view30773"/>






    </entry>


    <entry>
        <title>hobbies.jpg</title>
        <id>portfolio:artefact88870</id>

        <updated>2022-10-06T15:03:51+02:00</updated>
        <published>2022-10-06T15:03:51+02:00</published>




        <content type="xhtml"><div xmlns="http://www.w3.org/1999/xhtml"><div></div></div></content>
        <rdf:type rdf:resource="leap2:resource"/>
        <mahara:artefactplugin mahara:type="image" mahara:plugin="file"/>
        <link rel="enclosure" type="image/jpeg" href="export_info/files/88870-hobbies.jpg"/>
        <link rel="leap2:is_part_of" href="portfolio:view30773"/>


        <category term="Offline" scheme="categories:resource_type#" label="File"/>




    </entry>


    <entry>
        <title>index.jpg</title>
        <id>portfolio:artefact88872</id>

        <updated>2022-10-06T15:03:55+02:00</updated>
        <published>2022-10-06T15:03:55+02:00</published>




        <content type="xhtml"><div xmlns="http://www.w3.org/1999/xhtml"><div></div></div></content>
        <rdf:type rdf:resource="leap2:resource"/>
        <mahara:artefactplugin mahara:type="image" mahara:plugin="file"/>
        <link rel="enclosure" type="image/jpeg" href="export_info/files/88872-index.jpg"/>


        <category term="Offline" scheme="categories:resource_type#" label="File"/>




    </entry>


    <entry>
        <title>images</title>
        <id>portfolio:artefact88881</id>

        <updated>2022-10-06T15:03:04+02:00</updated>
        <published>2022-10-06T15:03:04+02:00</published>




        <content>Fichiers Image</content>
        <rdf:type rdf:resource="leap2:selection"/>
        <mahara:artefactplugin mahara:type="folder" mahara:plugin="file"/>


        <category term="Folder" scheme="categories:selection_type#"/>




    </entry>


    <entry>
        <title>périmetre-du-chef-de-projet-digital-1024x512.png</title>
        <id>portfolio:artefact88883</id>

        <updated>2022-10-06T15:03:54+02:00</updated>
        <published>2022-10-06T15:03:54+02:00</published>




        <content type="xhtml"><div xmlns="http://www.w3.org/1999/xhtml"><div></div></div></content>
        <rdf:type rdf:resource="leap2:resource"/>
        <mahara:artefactplugin mahara:type="image" mahara:plugin="file"/>
        <link rel="enclosure" type="image/png" href="export_info/files/88883-périmetre-du-chef-de-projet-digital-1024x512.png"/>


        <category term="Offline" scheme="categories:resource_type#" label="File"/>




    </entry>


    <entry>
        <title>2.jpg</title>
        <id>portfolio:artefact89380</id>

        <updated>2022-10-13T17:05:26+02:00</updated>
        <published>2022-10-13T17:05:26+02:00</published>




        <content type="xhtml"><div xmlns="http://www.w3.org/1999/xhtml"><div></div></div></content>
        <rdf:type rdf:resource="leap2:resource"/>
        <mahara:artefactplugin mahara:type="image" mahara:plugin="file"/>
        <link rel="enclosure" type="image/jpeg" href="export_info/files/89380-2.jpg"/>
        <link rel="leap2:is_part_of" href="portfolio:view30773"/>


        <category term="Offline" scheme="categories:resource_type#" label="File"/>




    </entry>


    <entry>
        <title>index (1).jpg</title>
        <id>portfolio:artefact89383</id>

        <updated>2022-10-13T18:06:04+02:00</updated>
        <published>2022-10-13T18:06:04+02:00</published>




        <content type="xhtml"><div xmlns="http://www.w3.org/1999/xhtml"><div></div></div></content>
        <rdf:type rdf:resource="leap2:resource"/>
        <mahara:artefactplugin mahara:type="image" mahara:plugin="file"/>
        <link rel="enclosure" type="image/jpeg" href="export_info/files/89383-index (1).jpg"/>
        <link rel="leap2:is_part_of" href="portfolio:view30773"/>


        <category term="Offline" scheme="categories:resource_type#" label="File"/>




    </entry>


    <entry>
        <title>3316939444_1_2_AkMBNfgJ.png</title>
        <id>portfolio:artefact89386</id>

        <updated>2022-10-13T18:06:39+02:00</updated>
        <published>2022-10-13T18:06:39+02:00</published>




        <content type="xhtml"><div xmlns="http://www.w3.org/1999/xhtml"><div></div></div></content>
        <rdf:type rdf:resource="leap2:resource"/>
        <mahara:artefactplugin mahara:type="image" mahara:plugin="file"/>
        <link rel="enclosure" type="image/png" href="export_info/files/89386-3316939444_1_2_AkMBNfgJ.png"/>
        <link rel="leap2:is_part_of" href="portfolio:view30773"/>


        <category term="Offline" scheme="categories:resource_type#" label="File"/>




    </entry>


    <entry>
        <title>inadequation-competences-1200x641.jpg</title>
        <id>portfolio:artefact89387</id>

        <updated>2022-10-13T18:06:40+02:00</updated>
        <published>2022-10-13T18:06:40+02:00</published>




        <content type="xhtml"><div xmlns="http://www.w3.org/1999/xhtml"><div></div></div></content>
        <rdf:type rdf:resource="leap2:resource"/>
        <mahara:artefactplugin mahara:type="image" mahara:plugin="file"/>
        <link rel="enclosure" type="image/jpeg" href="export_info/files/89387-inadequation-competences-1200x641.jpg"/>


        <category term="Offline" scheme="categories:resource_type#" label="File"/>




    </entry>


    <entry>
        <title>inadequation-competences-1200x64.jpg</title>
        <id>portfolio:artefact89388</id>

        <updated>2022-10-13T18:06:55+02:00</updated>
        <published>2022-10-13T18:06:55+02:00</published>




        <content type="xhtml"><div xmlns="http://www.w3.org/1999/xhtml"><div></div></div></content>
        <rdf:type rdf:resource="leap2:resource"/>
        <mahara:artefactplugin mahara:type="image" mahara:plugin="file"/>
        <link rel="enclosure" type="image/jpeg" href="export_info/files/89388-inadequation-competences-1200x64.jpg"/>
        <link rel="leap2:is_part_of" href="portfolio:view30773"/>


        <category term="Offline" scheme="categories:resource_type#" label="File"/>




    </entry>


    <entry>
        <title>Hervensson Casimir</title>
        <id>portfolio:artefactinternal</id>

        <updated>2022-09-27T10:10:04+02:00</updated>





        <content type="html"></content>
        <rdf:type rdf:resource="leap2:person"/>
        <mahara:artefactplugin mahara:type="internal" mahara:plugin="internal"/>


        <category term="Self" scheme="categories:person_type#"/>






        <leap2:persondata
            mahara:artefactplugin="internal"
            mahara:artefacttype="email"

            leap2:field="email"

            leap2:label="Adresse de courriel"

        >hervensson.casimir@etu.u-pec.fr</leap2:persondata>

        <leap2:persondata
            mahara:artefactplugin="internal"
            mahara:artefacttype="firstname"

            leap2:field="legal_given_name"

            leap2:label="Prénom"

        >Hervensson</leap2:persondata>

        <leap2:persondata
            mahara:artefactplugin="internal"
            mahara:artefacttype="lastname"

            leap2:field="legal_family_name"

            leap2:label="Nom"

        >CASIMIR</leap2:persondata>

        <leap2:persondata
            mahara:artefactplugin="internal"
            mahara:artefacttype="preferredname"

            leap2:field="preferred_given_name"

            leap2:label="Nom préféré"

        >Hervensson Casimir</leap2:persondata>

        <leap2:persondata
            mahara:artefactplugin="internal"
            mahara:artefacttype="studentid"

            leap2:field="other"

            leap2:label="Identifiant étudiant"

        >u32202056</leap2:persondata>

        <leap2:persondata
            mahara:artefactplugin="resume"
            mahara:artefacttype="personalinformation/dateofbirth"

            leap2:field="dob"

            leap2:label="Date de naissance"

        >2004-03-15T00:12:00+01:00</leap2:persondata>

        <leap2:persondata
            mahara:artefactplugin="resume"
            mahara:artefacttype="personalinformation/placeofbirth"

            leap2:field="other" mahara:field="placeofbirth"

            leap2:label="Lieu de naissance"

        >Gonesse </leap2:persondata>

        <leap2:persondata
            mahara:artefactplugin="resume"
            mahara:artefacttype="personalinformation/citizenship"

            leap2:field="other" mahara:field="citizenship"

            leap2:label="Citoyenneté"

        >Française</leap2:persondata>

        <leap2:persondata
            mahara:artefactplugin="resume"
            mahara:artefacttype="personalinformation/gender"

            leap2:field="gender"

            leap2:label="[[gender/artefact.resume]]"

        >1</leap2:persondata>


        <leap2:spatial>

            <leap2:addressline mahara:artefacttype="city">Essonne</leap2:addressline>

            <leap2:country mahara:artefacttype="country" leap2:countrycode="fra">France</leap2:country>

            <leap2:addressline mahara:artefacttype="town">Evry</leap2:addressline>

        </leap2:spatial>

    </entry>

</feed>
