<?xml version="1.0" encoding="utf-8"?>
<feed xmlns="http://www.w3.org/2005/Atom"
    xmlns:rdf="http://www.w3.org/1999/02/22-rdf-syntax-ns#"
    xmlns:leap2="http://terms.leapspecs.org/"
    xmlns:categories="http://wiki.leapspecs.org/2A/categories/"
    xmlns:portfolio="https://eportfolio.u-pec.fr/export/leap/3582/1664270932/"
    xmlns:mahara="http://wiki.mahara.org/Developer_Area/Import%2F%2FExport/LEAP_Extensions#"
>
    <leap2:version>http://www.leapspecs.org/2010-07/2A/</leap2:version>
    <id>https://eportfolio.u-pec.fr/export/3582/1664270932</id>
    <title>Mahara Leap2A Export for Hervensson CASIMIR, 27/09/2022 11:28</title>
    <updated>2022-09-27T11:11:52+02:00</updated>
    <generator uri="https://mahara.org/" version="2008122400">Mahara</generator>
    <author>
        <name>Hervensson CASIMIR</name>
        <email>hervensson.casimir@etu.u-pec.fr</email>
        <uri>portfolio:artefactinternal</uri>
    </author>

    <entry>
        <title>Profile page</title>
        <id>portfolio:view30773</id>

        <updated>2022-09-20T16:04:44+02:00</updated>
        <published>2022-09-20T16:04:34+02:00</published>

        <summary type="xhtml"><div xmlns="http://www.w3.org/1999/xhtml"><div>Your profile page is what others see when they click on your name or profile picture.</div></div></summary>

   <subtitle type="xhtml"><div xmlns="http://www.w3.org/1999/xhtml"><div></div></div></subtitle>
        <content type="xhtml"><div xmlns="http://www.w3.org/1999/xhtml"><div><div id="user_block_131902"><div class="bt-profileinfo gridstackblock card card-secondary card-regular clearfix" id="user_blockinstance_131902">
    
    
    
        <h2 class="title card-header js-heading">
            

            <span class="collapse-inline">
                About me
                
            </span>

            

        </h2>
    

    <div class="block" id="user_blockinstance_131902_target">
        
        
            
    
    <div class="card-body flush">
    
    
    
    
        <ul class="unstyled profile-info">
        
            <li><strong>Prénom:</strong> Hervensson</li>
        
            <li><strong>Nom:</strong> CASIMIR</li>
        
            <li><strong>Identifiant étudiant:</strong> u32202056</li>
        
            <li><strong>Nom préféré:</strong> Hervensson Casimir</li>
        
        </ul>
    
    
    
    
    </div>
    


        
    </div>
</div>
</div><div id="user_block_131904"><div class="bt-myfriends gridstackblock card card-secondary clearfix" id="user_blockinstance_131904">
    
    
    
        <h2 class="title card-header js-heading">
            

            <span class="collapse-inline">
                Mes contacts
                
            </span>

            

        </h2>
    

    <div class="block" id="user_blockinstance_131904_target">
        
        
            <div class="friends card-body">

    <div id="user_userfriendstable">
       <div class="js-masonry user-thumbnails">

    
        <a href="https://eportfolio.u-pec.fr/user/view.php?id=2992" class="item user-icon metadata user-icon-100 d0">
            <img src="https://eportfolio.u-pec.fr/thumb.php?type=profileiconbyid&amp;maxwidth=100&amp;maxheight=100&amp;id=64348" alt="Image du profil de Rayane Ligali" height="100" />
            </a><p class="member-name"><a href="https://eportfolio.u-pec.fr/user/view.php?id=2992" class="item user-icon metadata user-icon-100 d0">Rayane Ligali</a></p><a href="https://eportfolio.u-pec.fr/user/view.php?id=2992" class="item user-icon metadata user-icon-100 d0">
        </a>
    
        <a href="https://eportfolio.u-pec.fr/user/view.php?id=3586" class="item user-icon metadata user-icon-100 d1">
            <img src="https://eportfolio.u-pec.fr/theme/raw/images/no_userphoto.png" alt="Image du profil de Shaista SHEMIR ABDALLAH" height="100" />
            </a><p class="member-name"><a href="https://eportfolio.u-pec.fr/user/view.php?id=3586" class="item user-icon metadata user-icon-100 d1">Shaista SHEMIR ABDALLAH</a></p><a href="https://eportfolio.u-pec.fr/user/view.php?id=3586" class="item user-icon metadata user-icon-100 d1">
        </a>
    

</div>

    </div>
    <div id="user_myfriends_page_container" class="d-none">
        
    </div>
    

</div>

        
    </div>
</div>
</div><div id="user_block_131906"><div class="bt-myviews gridstackblock card card-secondary clearfix" id="user_blockinstance_131906">
    
    
    
        <h2 class="title card-header js-heading">
            

            <span class="collapse-inline">
                Mes portfolios
                
            </span>

            

        </h2>
    

    <div class="block" id="user_blockinstance_131906_target">
        
        
            
    <div class="list-group">
        <div id="user_myviewlist">
            
    <div class="list-group-item flush">
        <h3 class="title list-group-item-heading text-inline">
            <a href="https://eportfolio.u-pec.fr/view/view.php?id=30809">Découverte de Mahara</a>
        </h3>

        

        
        <div class="list-group-item-text text-small">
            Mes premiers pas sur mahara : première séance de la saé14
        </div>
        

        
    </div>

    <div class="list-group-item flush">
        <h3 class="title list-group-item-heading text-inline">
            <a href="https://eportfolio.u-pec.fr/view/view.php?id=30822">test</a>
        </h3>

        

        
        <div class="list-group-item-text text-small">
            test du jour
        </div>
        

        
    </div>


        </div>
    
        <div id="user_myviews_page_container" class="d-none"><div id="user_myviews_pagination" class="pagination-wrapper center"><div class="lead text-small results float-right">2 résultats</div></div></div>
    
    
    
    
    </div>


        
    </div>
</div>
</div><div id="user_block_131905"><div class="bt-wall gridstackblock card card-secondary clearfix" id="user_blockinstance_131905">
    
    
    
        <h2 class="title card-header js-heading">
            

            <span class="collapse-inline">
                Mur
                
            </span>

            

        </h2>
    

    <div class="block" id="user_blockinstance_131905_target">
        
        
            
<div class="form-group requiredmarkerdesc d-none">Les rubriques avec un « * » doivent être saisies.</div><div id="user_wallpost_131905_postsizelimit_container" class="metadata html form-group">Au maximum 1500 caractères par message.</div>
<div id="user_wallpost_131905_text_container" class="html required wysiwyg form-group">Envoyer <span class="requiredmarker">*</span></div>
<div id="user_wallpost_131905_private_container" class="switchbox form-group">Rendre votre message privé ?<div class="form-switch">
    <div class="switch">
        

        
            <span class="switch-inner"></span>
            <span class="switch-indicator"></span>
            <span class="state-label on">Oui</span>
            <span class="state-label off">Non</span>
        
    </div>
    
</div>
</div>
<div id="user_wallpost_131905_submit_container" class="primary submit form-group"></div>






<div id="user_wall" class="wall list-group list-group-lite list-group-top-border">
    
        <div class="card-body lead text-small text-center">Aucun message à afficher sur le mur</div>
    
    
</div>

    <a href="https://eportfolio.u-pec.fr/blocktype/wall/wall.php?id=131905" class="detail-link link-blocktype"><span class="icon icon-arrow-circle-right"></span> Voir tout le mur</a>


        
    </div>
</div>
</div><div id="user_block_131903"><div class="bt-mygroups gridstackblock card card-secondary clearfix" id="user_blockinstance_131903">
    
    
    
        <h2 class="title card-header js-heading">
            

            <span class="collapse-inline">
                Mes groupes
                
            </span>

            

        </h2>
    

    <div class="block" id="user_blockinstance_131903_target">
        
        
            
    <div class="card-body">
        <p class="no-results-small">Affilié à aucun groupe</p>
    </div>


        
    </div>
</div>
</div></div></div></content>
        <rdf:type rdf:resource="leap2:selection"/>

        <link rel="leap2:has_part" href="portfolio:artefact86327"/>
        <link rel="leap2:has_part" href="portfolio:artefact86328"/>
        <link rel="leap2:has_part" href="portfolio:artefact86329"/>
        <link rel="leap2:has_part" href="portfolio:artefact86330"/>


        <category term="Webpage" scheme="categories:selection_type#"/>





        <mahara:view mahara:newlayout="1" mahara:type="profile" mahara:ownerformat="6">
        
            
            <mahara:blockinstance mahara:blocktype="profileinfo" mahara:blocktitle="About me" mahara:positionx="0" mahara:positiony="0" mahara:height="12" mahara:width="6">
                
                    
                    <mahara:fields>[[&quot;firstname&quot;,&quot;lastname&quot;,&quot;studentid&quot;,&quot;preferredname&quot;]]</mahara:fields>
                    
                
                
                
            </mahara:blockinstance>
            
            <mahara:blockinstance mahara:blocktype="myfriends" mahara:blocktitle="" mahara:positionx="6" mahara:positiony="0" mahara:height="22" mahara:width="6">
                
                
                
            </mahara:blockinstance>
            
            <mahara:blockinstance mahara:blocktype="myviews" mahara:blocktitle="" mahara:positionx="0" mahara:positiony="12" mahara:height="17" mahara:width="6">
                
                
                
            </mahara:blockinstance>
            
            <mahara:blockinstance mahara:blocktype="wall" mahara:blocktitle="" mahara:positionx="6" mahara:positiony="22" mahara:height="12" mahara:width="6">
                
                
                
            </mahara:blockinstance>
            
            <mahara:blockinstance mahara:blocktype="mygroups" mahara:blocktitle="" mahara:positionx="0" mahara:positiony="29" mahara:height="12" mahara:width="6">
                
                
                
            </mahara:blockinstance>
            
        
        </mahara:view>
    </entry>

    <entry>
        <title>Dashboard page</title>
        <id>portfolio:view30774</id>

        <updated>2022-09-27T11:11:52+02:00</updated>
        <published>2022-09-20T16:04:34+02:00</published>

        <summary type="xhtml"><div xmlns="http://www.w3.org/1999/xhtml"><div></div></div></summary>

   <subtitle type="xhtml"><div xmlns="http://www.w3.org/1999/xhtml"><div></div></div></subtitle>
        <content type="xhtml"><div xmlns="http://www.w3.org/1999/xhtml"><div><div id="user_block_131908"><div class="bt-inbox gridstackblock card card-secondary clearfix" id="user_blockinstance_131908">
    
    
    
        <h2 class="title card-header js-heading">
            

            <span class="collapse-inline">
                Boîte de réception
                
            </span>

            

        </h2>
    

    <div class="block" id="user_blockinstance_131908_target">
        
        
            
    <div id="user_inboxblock" class="inboxblock list-group">
        
        <div class="collapsible list-group-item flush-collapsible">
            
                <h3 class="title list-group-item-heading"><a class="collapsed link-block" href="#message_content_maharamessage_53570">
                    
                        <span class="icon icon-wrench text-default left"></span>
                    
                    <span class="sr-only">Messages système</span>
                    <span class="subject">Nouvelle demande d'ajout à la iste des contacts</span>
                    <span class="icon icon-chevron-down collapse-indicator float-right"></span>
                </a></h3>
            
            <div class="collapse" id="user_message_content_maharamessage_53570">
                
                    <p class="content-text">Rayane Ligali vous demande de l'ajouter à votre liste de contacts. Vous pouvez accepter cette demande soit en cliquant sur le lien ci-dessous, soit en allant sur la page contenant la liste de vos contacts. La raison qui est accompagne cette demande est :<br />
    gh j,jh,h </p>
                    
                        <a href="user/view.php?id=2992" class="text-small">
                            Demandes d'affiliation <span class="icon icon-arrow-right mls icon-sm"></span>
                        </a>
                    
                    
                
            </div>
        </div>
        
        <div class="collapsible list-group-item flush-collapsible">
            
                <h3 class="title list-group-item-heading"><a class="collapsed link-block" href="#message_content_viewaccess_53567">
                    
                        <span class="icon icon-wrench text-default left"></span>
                    
                    <span class="sr-only">Nouveaux accès à une page</span>
                    <span class="subject">Vous avez reçu l'accès à 1 portfolio par Shaist...</span>
                    <span class="icon icon-chevron-down collapse-indicator float-right"></span>
                </a></h3>
            
            <div class="collapse" id="user_message_content_viewaccess_53567">
                
                    <p class="content-text">Vous avez reçus les droits suivants:<br /><br />TP SAE14<br /><br /></p>
                    
                        <a href="https://eportfolio.u-pec.fr/view/view.php?id=31122" class="text-small">
                            Portfolio <span class="icon icon-arrow-right mls icon-sm"></span>
                        </a>
                    
                    
                
            </div>
        </div>
        
        <div class="collapsible list-group-item flush-collapsible">
            
                <h3 class="title list-group-item-heading"><a class="collapsed link-block" href="#message_content_maharamessage_53225">
                    
                        <span class="icon icon-wrench text-default left"></span>
                    
                    <span class="sr-only">Messages système</span>
                    <span class="subject">Confirmation d'affiliation à une institution</span>
                    <span class="icon icon-chevron-down collapse-indicator float-right"></span>
                </a></h3>
            
            <div class="collapse" id="user_message_content_maharamessage_53225">
                
                    <p class="content-text">Vous êtes maintenant membre de UPEC.</p>
                    
                    
                
            </div>
        </div>
        
    </div>
    
    


        
    </div>
</div>
</div><div id="user_block_131909"><div class="bt-myviews gridstackblock card card-secondary clearfix" id="user_blockinstance_131909">
    
    
    
        <h2 class="title card-header js-heading">
            

            <span class="collapse-inline">
                Mes portfolios
                
            </span>

            

        </h2>
    

    <div class="block" id="user_blockinstance_131909_target">
        
        
            
    <div class="list-group">
        <div id="user_myviewlist">
            
    <div class="list-group-item flush">
        <h3 class="title list-group-item-heading text-inline">
            <a href="https://eportfolio.u-pec.fr/view/view.php?id=30809">Découverte de Mahara</a>
        </h3>

        

        
        <div class="list-group-item-text text-small">
            Mes premiers pas sur mahara : première séance de la saé14
        </div>
        

        
    </div>

    <div class="list-group-item flush">
        <h3 class="title list-group-item-heading text-inline">
            <a href="https://eportfolio.u-pec.fr/view/view.php?id=30822">test</a>
        </h3>

        

        
        <div class="list-group-item-text text-small">
            test du jour
        </div>
        

        
    </div>


        </div>
    
        <div id="user_myviews_page_container" class="d-none"><div id="user_myviews_pagination" class="pagination-wrapper center"><div class="lead text-small results float-right">2 résultats</div></div></div>
    
    
    
    
    </div>


        
    </div>
</div>
</div><div id="user_block_131907"><div class="bt-inbox gridstackblock card card-secondary clearfix" id="user_blockinstance_131907">
    
    
    
        <h2 class="title card-header js-heading">
            

            <span class="collapse-inline">
                Sujets que je suis
                
            </span>

            

        </h2>
    

    <div class="block" id="user_blockinstance_131907_target">
        
        
            
    <div class="card-body">
        <p class="lead text-small">Pas de messages</p>
    </div>


        
    </div>
</div>
</div><div id="user_block_131910"><div class="bt-newviews gridstackblock card card-secondary clearfix" id="user_blockinstance_131910">
    
    
    
        <h2 class="title card-header js-heading">
            

            <span class="collapse-inline">
                Portfolios partagés avec moi
                
            </span>

            

        </h2>
    

    <div class="block" id="user_blockinstance_131910_target">
        
        
            
<div class="list-group">
    
    <div class="list-group-item flush">
        <h3 class="list-group-item-heading text-inline">
            <a href="https://eportfolio.u-pec.fr/view/view.php?id=31122">TP SAE14</a>
        </h3>
        <span class="text-small text-midtone"></span>
        
        <div class="groupuserdate text-small">
            
                
                <a href="https://eportfolio.u-pec.fr/user/view.php?id=3586" class="text-link">
                    Shaista SHEMIR ABDALLAH
                </a>
            
        
            <span class="postedon text-midtone">
                - 
                    Mis à jour
                
                27 September 2022
            </span>
        </div>
        
    </div>
    
</div>


        
    </div>
</div>
</div></div></div></content>
        <rdf:type rdf:resource="leap2:selection"/>



        <category term="Webpage" scheme="categories:selection_type#"/>





        <mahara:view mahara:newlayout="1" mahara:type="dashboard" mahara:ownerformat="6">
        
            
            <mahara:blockinstance mahara:blocktype="inbox" mahara:blocktitle="" mahara:positionx="0" mahara:positiony="0" mahara:height="63" mahara:width="11">
                
                    
                    <mahara:feedback>[true]</mahara:feedback>
                    
                
                    
                    <mahara:groupmessage>[true]</mahara:groupmessage>
                    
                
                    
                    <mahara:institutionmessage>[true]</mahara:institutionmessage>
                    
                
                    
                    <mahara:maharamessage>[true]</mahara:maharamessage>
                    
                
                    
                    <mahara:usermessage>[true]</mahara:usermessage>
                    
                
                    
                    <mahara:viewaccess>[true]</mahara:viewaccess>
                    
                
                    
                    <mahara:watchlist>[true]</mahara:watchlist>
                    
                
                    
                    <mahara:maxitems>[&quot;5&quot;]</mahara:maxitems>
                    
                
                    
                    <mahara:wallpost>[true]</mahara:wallpost>
                    
                
                
                
            </mahara:blockinstance>
            
            <mahara:blockinstance mahara:blocktype="myviews" mahara:blocktitle="" mahara:positionx="0" mahara:positiony="63" mahara:height="57" mahara:width="10">
                
                
                
            </mahara:blockinstance>
            
            <mahara:blockinstance mahara:blocktype="inbox" mahara:blocktitle="" mahara:positionx="0" mahara:positiony="120" mahara:height="47" mahara:width="10">
                
                    
                    <mahara:newpost>[true]</mahara:newpost>
                    
                
                    
                    <mahara:maxitems>[&quot;5&quot;]</mahara:maxitems>
                    
                
                
                
            </mahara:blockinstance>
            
            <mahara:blockinstance mahara:blocktype="newviews" mahara:blocktitle="" mahara:positionx="0" mahara:positiony="167" mahara:height="77" mahara:width="9">
                
                    
                    <mahara:limit>[5]</mahara:limit>
                    
                
                    
                    <mahara:user>[1]</mahara:user>
                    
                
                    
                    <mahara:friend>[1]</mahara:friend>
                    
                
                    
                    <mahara:group>[1]</mahara:group>
                    
                
                
                
            </mahara:blockinstance>
            
        
        </mahara:view>
    </entry>

    <entry>
        <title>Découverte de Mahara</title>
        <id>portfolio:view30809</id>

        <updated>2022-09-20T16:04:38+02:00</updated>
        <published>2022-09-20T16:04:45+02:00</published>

        <summary type="xhtml"><div xmlns="http://www.w3.org/1999/xhtml"><div>Mes premiers pas sur mahara : première séance de la saé14</div></div></summary>

   <subtitle type="xhtml"><div xmlns="http://www.w3.org/1999/xhtml"><div></div></div></subtitle>
        <content type="xhtml"><div xmlns="http://www.w3.org/1999/xhtml"><div><div id="user_block_132015"><div class="bt-text gridstackblock card card-secondary clearfix" id="user_blockinstance_132015">
    
    
        <div class="block-header quick-edit d-none">
    <a class="modal_link list-group-heading" href="#" title="Édition rapide">
        <span class="icon icon-pencil-alt" title="Édition rapide"></span>
        Édition rapide
    </a>
</div>

    
    
        <h2 class="title card-header js-heading">
            

            <span class="collapse-inline">
                présentation
                
            </span>

            

        </h2>
    

    <div class="block" id="user_blockinstance_132015_target">
        
        
            

<div class="textblock card-body flush">
<p>Ceci est mon premier bloc de la<em> page découverte Mahara </em>!</p>
</div>


        
    </div>
</div>
</div><div id="user_block_132091"><div class="bt-externalvideo gridstackblock card card-secondary card-brand clearfix" id="user_blockinstance_132091">
    
    
    
        <h2 class="title card-header js-heading">
            

            <span class="collapse-inline">
                video mahara
                
            </span>

            

        </h2>
    

    <div class="block" id="user_blockinstance_132091_target">
        
        
            <div class="mediaplayer-container text-center card-body">
  <div id="user_vid_132091" class="mediaplayer" style="margin:0 auto;">
    <iframe class="externalvideoiframe" width="560" height="349" src="https://www.youtube.com/embed/rkp0i5Vsq3s?start=" allowfullscreen="1"></iframe>
    
  </div>
</div>

        
    </div>
</div>
</div></div></div></content>
        <rdf:type rdf:resource="leap2:selection"/>



        <category term="Webpage" scheme="categories:selection_type#"/>





        <mahara:view mahara:newlayout="1" mahara:type="portfolio" mahara:ownerformat="6">
        
            
            <mahara:blockinstance mahara:blocktype="text" mahara:blocktitle="présentation" mahara:positionx="0" mahara:positiony="0" mahara:height="8" mahara:width="4">
                
                    
                    <mahara:text>[&quot;&lt;p&gt;Ceci est mon premier bloc de la&lt;em&gt; page d&amp;eacute;couverte Mahara &lt;\/em&gt;!&lt;\/p&gt;&quot;]</mahara:text>
                    
                
                    
                    <mahara:instructions></mahara:instructions>
                    
                
                
                
            </mahara:blockinstance>
            
            <mahara:blockinstance mahara:blocktype="externalvideo" mahara:blocktitle="video mahara" mahara:positionx="5" mahara:positiony="0" mahara:height="30" mahara:width="3">
                
                    
                    <mahara:videoid>[&quot;&lt;iframe class=\&quot;externalvideoiframe\&quot; width=\&quot;560\&quot; height=\&quot;349\&quot; src=\&quot;https:\/\/www.youtube.com\/embed\/rkp0i5Vsq3s?start=\&quot; allowfullscreen=\&quot;1\&quot;&gt;&lt;\/iframe&gt;&quot;]</mahara:videoid>
                    
                
                    
                    <mahara:width>[560]</mahara:width>
                    
                
                    
                    <mahara:height>[349]</mahara:height>
                    
                
                    
                    <mahara:tags>[null]</mahara:tags>
                    
                
                    
                    <mahara:retractable>[0]</mahara:retractable>
                    
                
                    
                    <mahara:retractedonload>[0]</mahara:retractedonload>
                    
                
                    
                    <mahara:html>[&quot;&lt;iframe class=\&quot;externalvideoiframe\&quot; width=\&quot;560\&quot; height=\&quot;349\&quot; src=\&quot;https:\/\/www.youtube.com\/embed\/rkp0i5Vsq3s?start=\&quot; allowfullscreen=\&quot;1\&quot;&gt;&lt;\/iframe&gt;&quot;]</mahara:html>
                    
                
                
                
            </mahara:blockinstance>
            
        
        </mahara:view>
    </entry>

    <entry>
        <title>test</title>
        <id>portfolio:view30822</id>

        <updated>2022-09-20T18:06:30+02:00</updated>
        <published>2022-09-20T17:05:58+02:00</published>

        <summary type="xhtml"><div xmlns="http://www.w3.org/1999/xhtml"><div>test du jour</div></div></summary>

   <subtitle type="xhtml"><div xmlns="http://www.w3.org/1999/xhtml"><div></div></div></subtitle>
        <content type="xhtml"><div xmlns="http://www.w3.org/1999/xhtml"><div><div id="user_block_132113"><div class="bt-image gridstackblock card card-secondary clearfix" id="user_blockinstance_132113">
    
        <div class="block-header d-none">
    
        <a class="commentlink" href="#" title="">
        
            
                <span class="icon icon-plus" title="Commentaires et les détails"></span>
                Ajouter un commentaire
                <span class="bh-margin-left icon icon-search-plus"></span>
                Détails
            
        
        </a>
    
</div>

    
    
    
        <h2 class="title card-header js-heading">
            

            <span class="collapse-inline">
                image
                
            </span>

            

        </h2>
    

    <div class="block" id="user_blockinstance_132113_target">
        
        
            <div class="imageblock card-body">
    <div class="image">
        
        <a class="modal_link" href="#">
            <img rel="leap2:has_part" href="portfolio:artefact86449" alt="troll.jpg" title="troll.jpg" />
        </a>
        
    </div>

    
    <div class="detail">
        troll.jpg
    </div>
    
</div>

        
    </div>
</div>
</div><div id="user_block_132226"><div class="bt-text gridstackblock card card-secondary clearfix" id="user_blockinstance_132226">
    
    
        <div class="block-header quick-edit d-none">
    <a class="modal_link list-group-heading" href="#" title="Édition rapide">
        <span class="icon icon-pencil-alt" title="Édition rapide"></span>
        Édition rapide
    </a>
</div>

    
    
        <h2 class="title card-header js-heading">
            

            <span class="collapse-inline">
                Emplacement
                
            </span>

            

        </h2>
    

    <div class="block" id="user_blockinstance_132226_target">
        
        
            

<div class="textblock card-body flush">
<p>bonjour monsieur</p>
</div>


        
    </div>
</div>
</div></div></div></content>
        <rdf:type rdf:resource="leap2:selection"/>

        <link rel="leap2:has_part" href="portfolio:artefact86449"/>


        <category term="Webpage" scheme="categories:selection_type#"/>





        <mahara:view mahara:newlayout="1" mahara:type="portfolio" mahara:ownerformat="6">
        
            
            <mahara:blockinstance mahara:blocktype="image" mahara:blocktitle="image" mahara:positionx="0" mahara:positiony="0" mahara:height="25" mahara:width="4">
                
                    
                    <mahara:artefactid>[&quot;portfolio:artefact86449&quot;]</mahara:artefactid>
                    
                
                    
                    <mahara:showdescription>[true]</mahara:showdescription>
                    
                
                    
                    <mahara:width>[&quot;&quot;]</mahara:width>
                    
                
                    
                    <mahara:retractable>[0]</mahara:retractable>
                    
                
                    
                    <mahara:retractedonload>[0]</mahara:retractedonload>
                    
                
                
                
            </mahara:blockinstance>
            
            <mahara:blockinstance mahara:blocktype="text" mahara:blocktitle="Emplacement" mahara:positionx="4" mahara:positiony="0" mahara:height="8" mahara:width="4">
                
                    
                    <mahara:text>[&quot;&lt;p&gt;bonjour monsieur&lt;\/p&gt;&quot;]</mahara:text>
                    
                
                    
                    <mahara:instructions></mahara:instructions>
                    
                
                
                
            </mahara:blockinstance>
            
        
        </mahara:view>
    </entry>

    <entry>
        <title>Journal de Hervensson Casimir</title>
        <id>portfolio:artefact86331</id>

        <updated>2022-09-20T16:04:34+02:00</updated>
        <published>2022-09-20T16:04:34+02:00</published>




        <content type="xhtml"><div xmlns="http://www.w3.org/1999/xhtml"><div></div></div></content>
        <rdf:type rdf:resource="leap2:selection"/>
        <mahara:artefactplugin mahara:type="blog" mahara:plugin="blog"/>


        <category term="Blog" scheme="categories:selection_type#"/>




    </entry>


    <entry>
        <title>Images de couverture</title>
        <id>portfolio:artefact86402</id>

        <updated>2022-09-20T16:04:45+02:00</updated>
        <published>2022-09-20T16:04:45+02:00</published>




        <content></content>
        <rdf:type rdf:resource="leap2:selection"/>
        <mahara:artefactplugin mahara:type="folder" mahara:plugin="file"/>


        <category term="Folder" scheme="categories:selection_type#"/>




    </entry>


    <entry>
        <title>troll.jpg</title>
        <id>portfolio:artefact86449</id>

        <updated>2022-09-20T17:05:26+02:00</updated>
        <published>2022-09-20T17:05:26+02:00</published>




        <content type="xhtml"><div xmlns="http://www.w3.org/1999/xhtml"><div></div></div></content>
        <rdf:type rdf:resource="leap2:resource"/>
        <mahara:artefactplugin mahara:type="image" mahara:plugin="file"/>
        <link rel="enclosure" type="image/jpeg" href="export_info/files/86449-troll.jpg"/>
        <link rel="leap2:is_part_of" href="portfolio:view30822"/>


        <category term="Offline" scheme="categories:resource_type#" label="File"/>




    </entry>


    <entry>
        <title>Historique de formation</title>
        <id>portfolio:artefact87733</id>

        <updated>2022-09-27T10:10:41+02:00</updated>
        <published>2022-09-27T10:10:41+02:00</published>




        <content></content>
        <rdf:type rdf:resource="leap2:selection"/>
        <mahara:artefactplugin mahara:type="educationhistory" mahara:plugin="resume"/>
        <link rel="leap2:has_part" href="portfolio:resumecomposite-87733-child-956" leap2:display_order="1"/>


        <category term="Grouping" scheme="categories:selection_type#"/>




    </entry>


    <entry>
        <title>Baccalauréat général</title>
        <id>portfolio:resumecomposite-87733-child-956</id>

        <updated>2022-09-27T10:10:41+02:00</updated>





        <content>&lt;p&gt;Sp&amp;eacute;cialit&amp;eacute;s : math&amp;eacute;matiques / physique-chimie avec option : maths experte obtenue avec mention assez bien&lt;/p&gt;</content>
        <rdf:type rdf:resource="leap2:activity"/>
        <mahara:artefactplugin mahara:type="pseudo:educationhistory" mahara:plugin="resume"/>
        <link rel="leap2:is_part_of" href="portfolio:artefact87733" leap2:display_order="1"/>
        <link rel="leap2:supported_by" href="portfolio:resumesibling-87733-sibling-956-rel-supports"/>
        <link rel="leap2:supports" href="portfolio:resumesibling-87733-sibling-956-rel-supported_by"/>


        <category term="Education" scheme="categories:life_area#"/>






        <leap2:date leap2:point="start" leap2:label="2022"></leap2:date>


    </entry>

    <entry>
        <title>Lycée Parc des Loges</title>
        <id>portfolio:resumesibling-87733-sibling-956-rel-supports</id>

        <updated>2022-09-27T10:10:41+02:00</updated>





        <content></content>
        <rdf:type rdf:resource="leap2:organization"/>
        <mahara:artefactplugin mahara:type="pseudo:educationhistory" mahara:plugin="resume"/>
        <link rel="leap2:supports" href="portfolio:resumecomposite-87733-child-956"/>










    </entry>

    <entry>
        <title></title>
        <id>portfolio:resumesibling-87733-sibling-956-rel-supported_by</id>

        <updated>2022-09-27T10:10:41+02:00</updated>





        <content>Baccalauréat général</content>
        <rdf:type rdf:resource="leap2:achievement"/>
        <mahara:artefactplugin mahara:type="pseudo:educationhistory" mahara:plugin="resume"/>
        <link rel="leap2:supported_by" href="portfolio:resumecomposite-87733-child-956"/>










    </entry>

    <entry>
        <title>Historique des emplois</title>
        <id>portfolio:artefact87740</id>

        <updated>2022-09-27T10:10:26+02:00</updated>
        <published>2022-09-27T10:10:20+02:00</published>




        <content></content>
        <rdf:type rdf:resource="leap2:selection"/>
        <mahara:artefactplugin mahara:type="employmenthistory" mahara:plugin="resume"/>
        <link rel="leap2:has_part" href="portfolio:resumecomposite-87740-child-646" leap2:display_order="1"/>
        <link rel="leap2:has_part" href="portfolio:resumecomposite-87740-child-652" leap2:display_order="2"/>


        <category term="Grouping" scheme="categories:selection_type#"/>




    </entry>


    <entry>
        <title>Employé de rayon </title>
        <id>portfolio:resumecomposite-87740-child-646</id>

        <updated>2022-09-27T10:10:26+02:00</updated>





        <content>&lt;ul&gt;
&lt;li&gt;mise en rayon&lt;/li&gt;
&lt;/ul&gt;</content>
        <rdf:type rdf:resource="leap2:activity"/>
        <mahara:artefactplugin mahara:type="pseudo:employmenthistory" mahara:plugin="resume"/>
        <link rel="leap2:is_part_of" href="portfolio:artefact87740" leap2:display_order="1"/>
        <link rel="leap2:supported_by" href="portfolio:resumesibling-87740-sibling-646-rel-supports"/>


        <category term="Work" scheme="categories:life_area#"/>






        <leap2:date leap2:point="start" leap2:label="2022"></leap2:date>


    </entry>

    <entry>
        <title>Primark</title>
        <id>portfolio:resumesibling-87740-sibling-646-rel-supports</id>

        <updated>2022-09-27T10:10:26+02:00</updated>





        <content></content>
        <rdf:type rdf:resource="leap2:organization"/>
        <mahara:artefactplugin mahara:type="pseudo:employmenthistory" mahara:plugin="resume"/>
        <link rel="leap2:supports" href="portfolio:resumecomposite-87740-child-646"/>










    </entry>

    <entry>
        <title>technicien en support informatique (stage d&#039;observation) </title>
        <id>portfolio:resumecomposite-87740-child-652</id>

        <updated>2022-09-27T10:10:26+02:00</updated>





        <content>&lt;p&gt;Lors du stage d&#039;observation de 3&amp;egrave;me j&#039;ai pu install&amp;eacute; des ordinateur pour le r&amp;eacute;seaux interne de l&#039;entreprise.&lt;/p&gt;</content>
        <rdf:type rdf:resource="leap2:activity"/>
        <mahara:artefactplugin mahara:type="pseudo:employmenthistory" mahara:plugin="resume"/>
        <link rel="leap2:is_part_of" href="portfolio:artefact87740" leap2:display_order="2"/>
        <link rel="leap2:supported_by" href="portfolio:resumesibling-87740-sibling-652-rel-supports"/>


        <category term="Work" scheme="categories:life_area#"/>






        <leap2:date leap2:point="start" leap2:label="2017"></leap2:date>


    </entry>

    <entry>
        <title>ARCOM (ex: CSA) </title>
        <id>portfolio:resumesibling-87740-sibling-652-rel-supports</id>

        <updated>2022-09-27T10:10:26+02:00</updated>





        <content></content>
        <rdf:type rdf:resource="leap2:organization"/>
        <mahara:artefactplugin mahara:type="pseudo:employmenthistory" mahara:plugin="resume"/>
        <link rel="leap2:supports" href="portfolio:resumecomposite-87740-child-652"/>










    </entry>

    <entry>
        <title>Objectifs de carrière</title>
        <id>portfolio:artefact87761</id>

        <updated>2022-09-27T10:10:04+02:00</updated>
        <published>2022-09-27T10:10:59+02:00</published>




        <content type="xhtml"><div xmlns="http://www.w3.org/1999/xhtml"><div><p>J'aimerai être un expert de la sécurité informatique travailler pour protéger une entreprise contre les différentes attaques extérieur.</p></div></div></content>
        <rdf:type rdf:resource="leap2:entry"/>
        <mahara:artefactplugin mahara:type="careergoal" mahara:plugin="resume"/>






    </entry>


    <entry>
        <title>Objectifs académiques</title>
        <id>portfolio:artefact87766</id>

        <updated>2022-09-27T11:11:19+02:00</updated>
        <published>2022-09-27T10:10:16+02:00</published>




        <content type="xhtml"><div xmlns="http://www.w3.org/1999/xhtml"><div><p>J'aimerais intégrer une école d'ingénieur dans le domaine de la cybersécurité ou bien faire un master sécurité informatique</p></div></div></content>
        <rdf:type rdf:resource="leap2:entry"/>
        <mahara:artefactplugin mahara:type="academicgoal" mahara:plugin="resume"/>






    </entry>


    <entry>
        <title>Compétences académiques</title>
        <id>portfolio:artefact87776</id>

        <updated>2022-09-27T10:10:15+02:00</updated>
        <published>2022-09-27T10:10:59+02:00</published>




        <content type="xhtml"><div xmlns="http://www.w3.org/1999/xhtml"><div><ul>
<li>Anglais : niveau intermédiaire</li>
<li>Espagnol : niveau débutant</li>
</ul></div></div></content>
        <rdf:type rdf:resource="leap2:ability"/>
        <mahara:artefactplugin mahara:type="academicskill" mahara:plugin="resume"/>






    </entry>


    <entry>
        <title>Centres d&#039;intérêt</title>
        <id>portfolio:artefact87795</id>

        <updated>2022-09-27T10:10:32+02:00</updated>
        <published>2022-09-27T10:10:32+02:00</published>




        <content type="xhtml"><div xmlns="http://www.w3.org/1999/xhtml"><div><ul>
<li>Sport ( J'ai pratiqué pendant 4 ans du football et 2 ans du kick-boxing)</li>
<li>Nouvelle technologie</li>
</ul></div></div></content>
        <rdf:type rdf:resource="leap2:entry"/>
        <mahara:artefactplugin mahara:type="interest" mahara:plugin="resume"/>






    </entry>


    <entry>
        <title>2018-Logo-IUT-Creeteil-Vitry.svg</title>
        <id>portfolio:artefact87809</id>

        <updated>2022-09-27T11:11:36+02:00</updated>
        <published>2022-09-27T11:11:36+02:00</published>




        <content type="xhtml"><div xmlns="http://www.w3.org/1999/xhtml"><div></div></div></content>
        <rdf:type rdf:resource="leap2:resource"/>
        <mahara:artefactplugin mahara:type="file" mahara:plugin="file"/>
        <link rel="enclosure" type="image/svg+xml" href="export_info/files/87809-2018-Logo-IUT-Creeteil-Vitry.svg"/>


        <category term="Offline" scheme="categories:resource_type#" label="File"/>




    </entry>


    <entry>
        <title>Affiliations professionnelles</title>
        <id>portfolio:artefact87810</id>

        <updated>2022-09-27T11:11:24+02:00</updated>
        <published>2022-09-27T11:11:24+02:00</published>




        <content></content>
        <rdf:type rdf:resource="leap2:selection"/>
        <mahara:artefactplugin mahara:type="membership" mahara:plugin="resume"/>
        <link rel="leap2:has_part" href="portfolio:resumecomposite-87810-child-21" leap2:display_order="1"/>


        <category term="Grouping" scheme="categories:selection_type#"/>




    </entry>


    <entry>
        <title>IUT Créteil-Vitry</title>
        <id>portfolio:resumecomposite-87810-child-21</id>

        <updated>2022-09-27T11:11:24+02:00</updated>





        <content></content>
        <rdf:type rdf:resource="leap2:affiliation"/>
        <mahara:artefactplugin mahara:type="pseudo:membership" mahara:plugin="resume"/>
        <link rel="leap2:is_part_of" href="portfolio:artefact87810" leap2:display_order="1"/>








        <leap2:date leap2:point="start" leap2:label="2022"></leap2:date>


    </entry>

    <entry>
        <title>Hervensson Casimir</title>
        <id>portfolio:artefactinternal</id>

        <updated>2022-09-27T10:10:04+02:00</updated>





        <content type="html"></content>
        <rdf:type rdf:resource="leap2:person"/>
        <mahara:artefactplugin mahara:type="internal" mahara:plugin="internal"/>


        <category term="Self" scheme="categories:person_type#"/>






        <leap2:persondata
            mahara:artefactplugin="internal"
            mahara:artefacttype="email"

            leap2:field="email"

            leap2:label="Adresse de courriel"

        >hervensson.casimir@etu.u-pec.fr</leap2:persondata>

        <leap2:persondata
            mahara:artefactplugin="internal"
            mahara:artefacttype="firstname"

            leap2:field="legal_given_name"

            leap2:label="Prénom"

        >Hervensson</leap2:persondata>

        <leap2:persondata
            mahara:artefactplugin="internal"
            mahara:artefacttype="lastname"

            leap2:field="legal_family_name"

            leap2:label="Nom"

        >CASIMIR</leap2:persondata>

        <leap2:persondata
            mahara:artefactplugin="internal"
            mahara:artefacttype="preferredname"

            leap2:field="preferred_given_name"

            leap2:label="Nom préféré"

        >Hervensson Casimir</leap2:persondata>

        <leap2:persondata
            mahara:artefactplugin="internal"
            mahara:artefacttype="studentid"

            leap2:field="other"

            leap2:label="Identifiant étudiant"

        >u32202056</leap2:persondata>

        <leap2:persondata
            mahara:artefactplugin="resume"
            mahara:artefacttype="personalinformation/dateofbirth"

            leap2:field="dob"

            leap2:label="Date de naissance"

        >2004-03-15T00:12:00+01:00</leap2:persondata>

        <leap2:persondata
            mahara:artefactplugin="resume"
            mahara:artefacttype="personalinformation/placeofbirth"

            leap2:field="other" mahara:field="placeofbirth"

            leap2:label="Lieu de naissance"

        >Gonesse </leap2:persondata>

        <leap2:persondata
            mahara:artefactplugin="resume"
            mahara:artefacttype="personalinformation/citizenship"

            leap2:field="other" mahara:field="citizenship"

            leap2:label="Citoyenneté"

        >Française</leap2:persondata>

        <leap2:persondata
            mahara:artefactplugin="resume"
            mahara:artefacttype="personalinformation/gender"

            leap2:field="gender"

            leap2:label="[[gender/artefact.resume]]"

        >1</leap2:persondata>


        <leap2:spatial>

            <leap2:addressline mahara:artefacttype="city">Essonne</leap2:addressline>

            <leap2:country mahara:artefacttype="country" leap2:countrycode="fra">France</leap2:country>

            <leap2:addressline mahara:artefacttype="town">Evry</leap2:addressline>

        </leap2:spatial>

    </entry>

</feed>
