<?xml version="1.0" encoding="utf-8"?>
<feed xmlns="http://www.w3.org/2005/Atom"
    xmlns:rdf="http://www.w3.org/1999/02/22-rdf-syntax-ns#"
    xmlns:leap2="http://terms.leapspecs.org/"
    xmlns:categories="http://wiki.leapspecs.org/2A/categories/"
    xmlns:portfolio="https://eportfolio.u-pec.fr/export/leap/3582/1663685659/"
    xmlns:mahara="http://wiki.mahara.org/Developer_Area/Import%2F%2FExport/LEAP_Extensions#"
>
    <leap2:version>http://www.leapspecs.org/2010-07/2A/</leap2:version>
    <id>https://eportfolio.u-pec.fr/export/3582/1663685659</id>
    <title>Mahara Leap2A Export for Hervensson CASIMIR, 20/09/2022 16:54</title>
    <updated>2022-09-20T16:04:19+02:00</updated>
    <generator uri="https://mahara.org/" version="2008122400">Mahara</generator>
    <author>
        <name>Hervensson CASIMIR</name>
        <email>hervensson.casimir@etu.u-pec.fr</email>
        <uri>portfolio:artefactinternal</uri>
    </author>

    <entry>
        <title>Profile page</title>
        <id>portfolio:view30773</id>

        <updated>2022-09-20T16:04:44+02:00</updated>
        <published>2022-09-20T16:04:34+02:00</published>

        <summary type="xhtml"><div xmlns="http://www.w3.org/1999/xhtml"><div>Your profile page is what others see when they click on your name or profile picture.</div></div></summary>

   <subtitle type="xhtml"><div xmlns="http://www.w3.org/1999/xhtml"><div></div></div></subtitle>
        <content type="xhtml"><div xmlns="http://www.w3.org/1999/xhtml"><div><div id="user_block_131902"><div class="bt-profileinfo gridstackblock card card-secondary card-regular clearfix" id="user_blockinstance_131902">
    
    
    
        <h2 class="title card-header js-heading">
            

            <span class="collapse-inline">
                About me
                
            </span>

            

        </h2>
    

    <div class="block" id="user_blockinstance_131902_target">
        
        
            
    
    <div class="card-body flush">
    
    
    
    
        <ul class="unstyled profile-info">
        
            <li><strong>Prénom:</strong> Hervensson</li>
        
            <li><strong>Nom:</strong> CASIMIR</li>
        
            <li><strong>Identifiant étudiant:</strong> u32202056</li>
        
            <li><strong>Nom préféré:</strong> Hervensson Casimir</li>
        
        </ul>
    
    
    
    
    </div>
    


        
    </div>
</div>
</div><div id="user_block_131904"><div class="bt-myfriends gridstackblock card card-secondary clearfix" id="user_blockinstance_131904">
    
    
    
        <h2 class="title card-header js-heading">
            

            <span class="collapse-inline">
                Mes contacts
                
            </span>

            

        </h2>
    

    <div class="block" id="user_blockinstance_131904_target">
        
        
            <div class="friends card-body">

    
        <div class="text-center">
            Essayez la <a href="https://eportfolio.u-pec.fr/user/index.php">recherche de contacts </a> pour étendre votre réseau !
        </div>
    

</div>

        
    </div>
</div>
</div><div id="user_block_131905"><div class="bt-wall gridstackblock card card-secondary clearfix" id="user_blockinstance_131905">
    
    
    
        <h2 class="title card-header js-heading">
            

            <span class="collapse-inline">
                Mur
                
            </span>

            

        </h2>
    

    <div class="block" id="user_blockinstance_131905_target">
        
        
            
<div class="form-group requiredmarkerdesc d-none">Les rubriques avec un « * » doivent être saisies.</div><div id="user_wallpost_131905_postsizelimit_container" class="metadata html form-group">Au maximum 1500 caractères par message.</div>
<div id="user_wallpost_131905_text_container" class="html required wysiwyg form-group">Envoyer <span class="requiredmarker">*</span></div>
<div id="user_wallpost_131905_private_container" class="switchbox form-group">Rendre votre message privé ?<div class="form-switch">
    <div class="switch">
        

        
            <span class="switch-inner"></span>
            <span class="switch-indicator"></span>
            <span class="state-label on">Oui</span>
            <span class="state-label off">Non</span>
        
    </div>
    
</div>
</div>
<div id="user_wallpost_131905_submit_container" class="primary submit form-group"></div>






<div id="user_wall" class="wall list-group list-group-lite list-group-top-border">
    
        <div class="card-body lead text-small text-center">Aucun message à afficher sur le mur</div>
    
    
</div>

    <a href="https://eportfolio.u-pec.fr/blocktype/wall/wall.php?id=131905" class="detail-link link-blocktype"><span class="icon icon-arrow-circle-right"></span> Voir tout le mur</a>


        
    </div>
</div>
</div><div id="user_block_131906"><div class="bt-myviews gridstackblock card card-secondary clearfix" id="user_blockinstance_131906">
    
    
    
        <h2 class="title card-header js-heading">
            

            <span class="collapse-inline">
                Mes portfolios
                
            </span>

            

        </h2>
    

    <div class="block" id="user_blockinstance_131906_target">
        
        
            
    <div class="list-group">
        <div id="user_myviewlist">
            
    <div class="list-group-item flush">
        <h3 class="title list-group-item-heading text-inline">
            <a href="https://eportfolio.u-pec.fr/view/view.php?id=30809">Découverte de Mahara</a>
        </h3>

        

        
        <div class="list-group-item-text text-small">
            Mes premiers pas sur mahara : première séance de la saé14
        </div>
        

        
    </div>


        </div>
    
        <div id="user_myviews_page_container" class="d-none"><div id="user_myviews_pagination" class="pagination-wrapper center"><div class="lead text-small results float-right">1 résultat</div></div></div>
    
    
    
    
    </div>


        
    </div>
</div>
</div><div id="user_block_131903"><div class="bt-mygroups gridstackblock card card-secondary clearfix" id="user_blockinstance_131903">
    
    
    
        <h2 class="title card-header js-heading">
            

            <span class="collapse-inline">
                Mes groupes
                
            </span>

            

        </h2>
    

    <div class="block" id="user_blockinstance_131903_target">
        
        
            
    <div class="card-body">
        <p class="no-results-small">Affilié à aucun groupe</p>
    </div>


        
    </div>
</div>
</div></div></div></content>
        <rdf:type rdf:resource="leap2:selection"/>

        <link rel="leap2:has_part" href="portfolio:artefact86327"/>
        <link rel="leap2:has_part" href="portfolio:artefact86328"/>
        <link rel="leap2:has_part" href="portfolio:artefact86329"/>
        <link rel="leap2:has_part" href="portfolio:artefact86330"/>


        <category term="Webpage" scheme="categories:selection_type#"/>





        <mahara:view mahara:newlayout="1" mahara:type="profile" mahara:ownerformat="6">
        
            
            <mahara:blockinstance mahara:blocktype="profileinfo" mahara:blocktitle="About me" mahara:positionx="0" mahara:positiony="0" mahara:height="12" mahara:width="6">
                
                    
                    <mahara:fields>[[&quot;firstname&quot;,&quot;lastname&quot;,&quot;studentid&quot;,&quot;preferredname&quot;]]</mahara:fields>
                    
                
                
                
            </mahara:blockinstance>
            
            <mahara:blockinstance mahara:blocktype="myfriends" mahara:blocktitle="" mahara:positionx="6" mahara:positiony="0" mahara:height="9" mahara:width="6">
                
                
                
            </mahara:blockinstance>
            
            <mahara:blockinstance mahara:blocktype="wall" mahara:blocktitle="" mahara:positionx="6" mahara:positiony="9" mahara:height="12" mahara:width="6">
                
                
                
            </mahara:blockinstance>
            
            <mahara:blockinstance mahara:blocktype="myviews" mahara:blocktitle="" mahara:positionx="0" mahara:positiony="12" mahara:height="5" mahara:width="6">
                
                
                
            </mahara:blockinstance>
            
            <mahara:blockinstance mahara:blocktype="mygroups" mahara:blocktitle="" mahara:positionx="0" mahara:positiony="17" mahara:height="12" mahara:width="6">
                
                
                
            </mahara:blockinstance>
            
        
        </mahara:view>
    </entry>

    <entry>
        <title>Dashboard page</title>
        <id>portfolio:view30774</id>

        <updated>2022-09-20T16:04:34+02:00</updated>
        <published>2022-09-20T16:04:34+02:00</published>

        <summary type="xhtml"><div xmlns="http://www.w3.org/1999/xhtml"><div></div></div></summary>

   <subtitle type="xhtml"><div xmlns="http://www.w3.org/1999/xhtml"><div></div></div></subtitle>
        <content type="xhtml"><div xmlns="http://www.w3.org/1999/xhtml"><div><div id="user_block_131910"><div class="bt-newviews gridstackblock card card-secondary clearfix" id="user_blockinstance_131910">
    
    
    
        <h2 class="title card-header js-heading">
            

            <span class="collapse-inline">
                Portfolios partagés avec moi
                
            </span>

            

        </h2>
    

    <div class="block" id="user_blockinstance_131910_target">
        
        
            
<div class="card-body">
    <p class="lead text-small">Aucunes pages ni collections</p>
</div>


        
    </div>
</div>
</div><div id="user_block_131908"><div class="bt-inbox gridstackblock card card-secondary clearfix" id="user_blockinstance_131908">
    
    
    
        <h2 class="title card-header js-heading">
            

            <span class="collapse-inline">
                Boîte de réception
                
            </span>

            

        </h2>
    

    <div class="block" id="user_blockinstance_131908_target">
        
        
            
    <div id="user_inboxblock" class="inboxblock list-group">
        
        <div class="collapsible list-group-item flush-collapsible">
            
                <h3 class="title list-group-item-heading"><a class="collapsed link-block" href="#message_content_maharamessage_53225">
                    
                        <span class="icon icon-wrench text-default left"></span>
                    
                    <span class="sr-only">Messages système</span>
                    <span class="subject">Confirmation d'affiliation à une institution</span>
                    <span class="icon icon-chevron-down collapse-indicator float-right"></span>
                </a></h3>
            
            <div class="collapse" id="user_message_content_maharamessage_53225">
                
                    <p class="content-text">Vous êtes maintenant membre de UPEC.</p>
                    
                    
                
            </div>
        </div>
        
    </div>
    
    


        
    </div>
</div>
</div><div id="user_block_131909"><div class="bt-myviews gridstackblock card card-secondary clearfix" id="user_blockinstance_131909">
    
    
    
        <h2 class="title card-header js-heading">
            

            <span class="collapse-inline">
                Mes portfolios
                
            </span>

            

        </h2>
    

    <div class="block" id="user_blockinstance_131909_target">
        
        
            
    <div class="list-group">
        <div id="user_myviewlist">
            
    <div class="list-group-item flush">
        <h3 class="title list-group-item-heading text-inline">
            <a href="https://eportfolio.u-pec.fr/view/view.php?id=30809">Découverte de Mahara</a>
        </h3>

        

        
        <div class="list-group-item-text text-small">
            Mes premiers pas sur mahara : première séance de la saé14
        </div>
        

        
    </div>


        </div>
    
        <div id="user_myviews_page_container" class="d-none"><div id="user_myviews_pagination" class="pagination-wrapper center"><div class="lead text-small results float-right">1 résultat</div></div></div>
    
    
    
    
    </div>


        
    </div>
</div>
</div><div id="user_block_131907"><div class="bt-inbox gridstackblock card card-secondary clearfix" id="user_blockinstance_131907">
    
    
    
        <h2 class="title card-header js-heading">
            

            <span class="collapse-inline">
                Sujets que je suis
                
            </span>

            

        </h2>
    

    <div class="block" id="user_blockinstance_131907_target">
        
        
            
    <div class="card-body">
        <p class="lead text-small">Pas de messages</p>
    </div>


        
    </div>
</div>
</div></div></div></content>
        <rdf:type rdf:resource="leap2:selection"/>



        <category term="Webpage" scheme="categories:selection_type#"/>





        <mahara:view mahara:newlayout="1" mahara:type="dashboard" mahara:ownerformat="6">
        
            
            <mahara:blockinstance mahara:blocktype="newviews" mahara:blocktitle="" mahara:positionx="0" mahara:positiony="0" mahara:height="1" mahara:width="6">
                
                    
                    <mahara:limit>[5]</mahara:limit>
                    
                
                    
                    <mahara:user>[1]</mahara:user>
                    
                
                    
                    <mahara:friend>[1]</mahara:friend>
                    
                
                    
                    <mahara:group>[1]</mahara:group>
                    
                
                
                
            </mahara:blockinstance>
            
            <mahara:blockinstance mahara:blocktype="inbox" mahara:blocktitle="" mahara:positionx="6" mahara:positiony="0" mahara:height="1" mahara:width="6">
                
                    
                    <mahara:feedback>[true]</mahara:feedback>
                    
                
                    
                    <mahara:groupmessage>[true]</mahara:groupmessage>
                    
                
                    
                    <mahara:institutionmessage>[true]</mahara:institutionmessage>
                    
                
                    
                    <mahara:maharamessage>[true]</mahara:maharamessage>
                    
                
                    
                    <mahara:usermessage>[true]</mahara:usermessage>
                    
                
                    
                    <mahara:viewaccess>[true]</mahara:viewaccess>
                    
                
                    
                    <mahara:watchlist>[true]</mahara:watchlist>
                    
                
                    
                    <mahara:maxitems>[&quot;5&quot;]</mahara:maxitems>
                    
                
                    
                    <mahara:wallpost>[true]</mahara:wallpost>
                    
                
                
                
            </mahara:blockinstance>
            
            <mahara:blockinstance mahara:blocktype="myviews" mahara:blocktitle="" mahara:positionx="0" mahara:positiony="1" mahara:height="1" mahara:width="6">
                
                
                
            </mahara:blockinstance>
            
            <mahara:blockinstance mahara:blocktype="inbox" mahara:blocktitle="" mahara:positionx="6" mahara:positiony="1" mahara:height="1" mahara:width="6">
                
                    
                    <mahara:newpost>[true]</mahara:newpost>
                    
                
                    
                    <mahara:maxitems>[&quot;5&quot;]</mahara:maxitems>
                    
                
                
                
            </mahara:blockinstance>
            
        
        </mahara:view>
    </entry>

    <entry>
        <title>Découverte de Mahara</title>
        <id>portfolio:view30809</id>

        <updated>2022-09-20T16:04:38+02:00</updated>
        <published>2022-09-20T16:04:45+02:00</published>

        <summary type="xhtml"><div xmlns="http://www.w3.org/1999/xhtml"><div>Mes premiers pas sur mahara : première séance de la saé14</div></div></summary>

   <subtitle type="xhtml"><div xmlns="http://www.w3.org/1999/xhtml"><div></div></div></subtitle>
        <content type="xhtml"><div xmlns="http://www.w3.org/1999/xhtml"><div><div id="user_block_132015"><div class="bt-text gridstackblock card card-secondary clearfix" id="user_blockinstance_132015">
    
    
        <div class="block-header quick-edit d-none">
    <a class="modal_link list-group-heading" href="#" title="Édition rapide">
        <span class="icon icon-pencil-alt" title="Édition rapide"></span>
        Édition rapide
    </a>
</div>

    
    
        <h2 class="title card-header js-heading">
            

            <span class="collapse-inline">
                présentation
                
            </span>

            

        </h2>
    

    <div class="block" id="user_blockinstance_132015_target">
        
        
            

<div class="textblock card-body flush">
<p>Ceci est mon premier bloc de la<em> page découverte Mahara </em>!</p>
</div>


        
    </div>
</div>
</div><div id="user_block_132091"><div class="bt-externalvideo gridstackblock card card-secondary card-brand clearfix" id="user_blockinstance_132091">
    
    
    
        <h2 class="title card-header js-heading">
            

            <span class="collapse-inline">
                video mahara
                
            </span>

            

        </h2>
    

    <div class="block" id="user_blockinstance_132091_target">
        
        
            <div class="mediaplayer-container text-center card-body">
  <div id="user_vid_132091" class="mediaplayer" style="margin:0 auto;">
    <iframe class="externalvideoiframe" width="560" height="349" src="https://www.youtube.com/embed/rkp0i5Vsq3s?start=" allowfullscreen="1"></iframe>
    
  </div>
</div>

        
    </div>
</div>
</div></div></div></content>
        <rdf:type rdf:resource="leap2:selection"/>



        <category term="Webpage" scheme="categories:selection_type#"/>





        <mahara:view mahara:newlayout="1" mahara:type="portfolio" mahara:ownerformat="6">
        
            
            <mahara:blockinstance mahara:blocktype="text" mahara:blocktitle="présentation" mahara:positionx="0" mahara:positiony="0" mahara:height="8" mahara:width="4">
                
                    
                    <mahara:text>[&quot;&lt;p&gt;Ceci est mon premier bloc de la&lt;em&gt; page d&amp;eacute;couverte Mahara &lt;\/em&gt;!&lt;\/p&gt;&quot;]</mahara:text>
                    
                
                    
                    <mahara:instructions></mahara:instructions>
                    
                
                
                
            </mahara:blockinstance>
            
            <mahara:blockinstance mahara:blocktype="externalvideo" mahara:blocktitle="video mahara" mahara:positionx="5" mahara:positiony="0" mahara:height="30" mahara:width="3">
                
                    
                    <mahara:videoid>[&quot;&lt;iframe class=\&quot;externalvideoiframe\&quot; width=\&quot;560\&quot; height=\&quot;349\&quot; src=\&quot;https:\/\/www.youtube.com\/embed\/rkp0i5Vsq3s?start=\&quot; allowfullscreen=\&quot;1\&quot;&gt;&lt;\/iframe&gt;&quot;]</mahara:videoid>
                    
                
                    
                    <mahara:width>[560]</mahara:width>
                    
                
                    
                    <mahara:height>[349]</mahara:height>
                    
                
                    
                    <mahara:tags>[null]</mahara:tags>
                    
                
                    
                    <mahara:retractable>[0]</mahara:retractable>
                    
                
                    
                    <mahara:retractedonload>[0]</mahara:retractedonload>
                    
                
                    
                    <mahara:html>[&quot;&lt;iframe class=\&quot;externalvideoiframe\&quot; width=\&quot;560\&quot; height=\&quot;349\&quot; src=\&quot;https:\/\/www.youtube.com\/embed\/rkp0i5Vsq3s?start=\&quot; allowfullscreen=\&quot;1\&quot;&gt;&lt;\/iframe&gt;&quot;]</mahara:html>
                    
                
                
                
            </mahara:blockinstance>
            
        
        </mahara:view>
    </entry>

    <entry>
        <title>Journal de Hervensson Casimir</title>
        <id>portfolio:artefact86331</id>

        <updated>2022-09-20T16:04:34+02:00</updated>
        <published>2022-09-20T16:04:34+02:00</published>




        <content type="xhtml"><div xmlns="http://www.w3.org/1999/xhtml"><div></div></div></content>
        <rdf:type rdf:resource="leap2:selection"/>
        <mahara:artefactplugin mahara:type="blog" mahara:plugin="blog"/>


        <category term="Blog" scheme="categories:selection_type#"/>




    </entry>


    <entry>
        <title>Images de couverture</title>
        <id>portfolio:artefact86402</id>

        <updated>2022-09-20T16:04:45+02:00</updated>
        <published>2022-09-20T16:04:45+02:00</published>




        <content></content>
        <rdf:type rdf:resource="leap2:selection"/>
        <mahara:artefactplugin mahara:type="folder" mahara:plugin="file"/>


        <category term="Folder" scheme="categories:selection_type#"/>




    </entry>


    <entry>
        <title>Hervensson Casimir</title>
        <id>portfolio:artefactinternal</id>

        <updated>2022-09-20T16:04:34+02:00</updated>





        <content></content>
        <rdf:type rdf:resource="leap2:person"/>
        <mahara:artefactplugin mahara:type="internal" mahara:plugin="internal"/>


        <category term="Self" scheme="categories:person_type#"/>






        <leap2:persondata
            mahara:artefactplugin="internal"
            mahara:artefacttype="email"

            leap2:field="email"

            leap2:label="Adresse de courriel"

        >hervensson.casimir@etu.u-pec.fr</leap2:persondata>

        <leap2:persondata
            mahara:artefactplugin="internal"
            mahara:artefacttype="firstname"

            leap2:field="legal_given_name"

            leap2:label="Prénom"

        >Hervensson</leap2:persondata>

        <leap2:persondata
            mahara:artefactplugin="internal"
            mahara:artefacttype="lastname"

            leap2:field="legal_family_name"

            leap2:label="Nom"

        >CASIMIR</leap2:persondata>

        <leap2:persondata
            mahara:artefactplugin="internal"
            mahara:artefacttype="preferredname"

            leap2:field="preferred_given_name"

            leap2:label="Nom préféré"

        >Hervensson Casimir</leap2:persondata>

        <leap2:persondata
            mahara:artefactplugin="internal"
            mahara:artefacttype="studentid"

            leap2:field="other"

            leap2:label="Identifiant étudiant"

        >u32202056</leap2:persondata>


    </entry>

</feed>
